[{"model": "auth.user", "pk": 5, "fields": {"password": "pbkdf2_sha256$1200000$6rRJy5ZvCnZYfkvzpAyd6V$iB6nIi+aMebTRGrtAIGM5hlD/H+ygdHxVQuTgNpGXME=", "last_login": "2026-04-09T17:48:30.894Z", "is_superuser": true, "username": "Estela_1990", "first_name": "Estela", "last_name": "Devora", "email": "gfmjco_777@hotmail.com", "is_staff": true, "is_active": true, "date_joined": "2026-03-04T23:58:55Z", "groups": [], "user_permissions": [1, 2, 3, 4, 53, 54, 55, 56, 61, 62, 63, 64, 65, 66, 67, 68, 9, 10, 11, 12, 5, 6, 7, 8, 13, 14, 15, 16, 17, 18, 19, 20, 25, 26, 27, 28, 29, 30, 31, 32, 33, 34, 35, 36, 37, 38, 39, 40, 57, 58, 59, 60, 41, 42, 43, 44, 45, 46, 47, 48, 49, 50, 51, 52, 21, 22, 23, 24]}}, {"model": "auth.user", "pk": 9, "fields": {"password": "pbkdf2_sha256$1200000$rx2Dvi3xcTPrI9C13MadOg$UpjKzypQo7tWi97k4pXymkA0a0LC0HONUouRmwc6rRQ=", "last_login": "2026-04-08T03:42:32.133Z", "is_superuser": false, "username": "Supervisor", "first_name": "Jenaro", "last_name": "Diaz", "email": "gfmjco_777@hotmail.com", "is_staff": false, "is_active": true, "date_joined": "2026-04-07T18:49:15Z", "groups": [], "user_permissions": []}}, {"model": "sessions.session", "pk": "l89wc4eib3r0dvlt8cd2rbb11fwx89uv", "fields": {"session_data": ".eJxVjs0OwiAQhN-FsyHdBQp49O4zNAsstv4UU9qT8d1tTQ96nW_my7xER8vcd0vlqRuSOAojDr9ZoHjjcQPpSuOlyFjGeRqC3Cpyp1WeS-L7ae_-CXqq_bpm1OizgahBUQaHLoMCTqSsalzLAExoMCAi-ODANMH7qBVZZ1M2zSrlx3PiSt-b7fsDHts7zQ:1wAxwf:6HXvkWPhVALDvi0mltwet9uYFrVPWovKAWstztAct2g", "expire_date": "2026-04-23T22:33:53.847Z"}}, {"model": "sessions.session", "pk": "lxugmq3cx420jnvry1en1xxcoov939sn", "fields": {"session_data": ".eJxVjEEOwiAQRe_C2pABioBL9z0DGZipVA0kpV0Z765NutDtf-_9l4i4rSVunZc4k7gILU6_W8L84LoDumO9NZlbXZc5yV2RB-1ybMTP6-H-HRTs5VuDmij5CQmMSeiSZgQNIaNBGqwBRsfeOc8Y1GCdsoyD8nAO2RujyIv3B_kWN8E:1vvUBN:TlJZd_mqHxQjsvSqToB2BP030ssmZ3Bv_KdpBotgYq4", "expire_date": "2026-03-12T05:45:05.629Z"}}, {"model": "sessions.session", "pk": "xha31ih5f0y5v9b01xis45kuz6czfd85", "fields": {"session_data": ".eJxVjEEOwiAQRe_C2pDOAAIu3fcMzQCDVA0kpV0Z765NutDtf-_9l5hoW8u0dV6mOYmLMOL0uwWKD647SHeqtyZjq-syB7kr8qBdji3x83q4fweFevnWjBp9NhA1KMrg0GVQwImUVYM7MwATGgyICD44MEPwPmpF1tmUzSDeH8HpNtQ:1w4smr:XVCG3vEcsiN1Y3GKQYebi5DncxMMgLswLxddUjBwbQY", "expire_date": "2026-04-07T03:50:37.789Z"}}, {"model": "nucleo.departamento", "pk": 1, "fields": {"empresa": 6, "nombre": "Publicerias", "activo": true}}, {"model": "nucleo.departamento", "pk": 2, "fields": {"empresa": 6, "nombre": "Ejecutivos de Ventas", "activo": true}}, {"model": "nucleo.departamento", "pk": 3, "fields": {"empresa": 6, "nombre": "CGC", "activo": true}}, {"model": "nucleo.departamento", "pk": 4, "fields": {"empresa": 6, "nombre": "Diseńo", "activo": true}}, {"model": "nucleo.departamento", "pk": 5, "fields": {"empresa": 6, "nombre": "CNC", "activo": true}}, {"model": "nucleo.departamento", "pk": 6, "fields": {"empresa": 6, "nombre": "Operaciones", "activo": true}}, {"model": "nucleo.departamento", "pk": 7, "fields": {"empresa": 6, "nombre": "Administracion", "activo": true}}, {"model": "nucleo.departamento", "pk": 8, "fields": {"empresa": 6, "nombre": "Seguridad", "activo": true}}, {"model": "nucleo.empleado", "pk": 6, "fields": {"empresa": 6, "departamento": 3, "control_horario": false, "nombre": "Francisco Martinez Hernandez", "numero_empleado": "101", "activo": true, "dias_trabajo": "0,1,2,3,4", "turno": 6}}, {"model": "nucleo.empleado", "pk": 7, "fields": {"empresa": 6, "departamento": 3, "control_horario": false, "nombre": "Octavio Encinas Almuina", "numero_empleado": "102", "activo": true, "dias_trabajo": "0,1,2,3,4", "turno": 6}}, {"model": "nucleo.empleado", "pk": 8, "fields": {"empresa": 6, "departamento": 3, "control_horario": false, "nombre": "Josefina Almuina Pons", "numero_empleado": "103", "activo": true, "dias_trabajo": "0,1,2,3,4", "turno": 6}}, {"model": "nucleo.empleado", "pk": 9, "fields": {"empresa": 6, "departamento": 3, "control_horario": false, "nombre": "Joel Alberto Ramirez Almuina", "numero_empleado": "104", "activo": true, "dias_trabajo": "0,1,2,3,4", "turno": 6}}, {"model": "nucleo.empleado", "pk": 10, "fields": {"empresa": 6, "departamento": 7, "control_horario": false, "nombre": "Elena Tellez", "numero_empleado": "105", "activo": true, "dias_trabajo": "0,1,2,3,4", "turno": 8}}, {"model": "nucleo.empleado", "pk": 12, "fields": {"empresa": 6, "departamento": 7, "control_horario": true, "nombre": "Valeria Ruiz", "numero_empleado": "0106", "activo": true, "dias_trabajo": "0,1,2,3,4", "turno": 8}}, {"model": "nucleo.empleado", "pk": 13, "fields": {"empresa": 6, "departamento": 4, "control_horario": true, "nombre": "Paola Gallegos Soto", "numero_empleado": "0107", "activo": true, "dias_trabajo": "0,1,2,3,4", "turno": 12}}, {"model": "nucleo.empleado", "pk": 14, "fields": {"empresa": 6, "departamento": 4, "control_horario": true, "nombre": "Karla Salinas", "numero_empleado": "108", "activo": true, "dias_trabajo": "0,1,2,3,4", "turno": 8}}, {"model": "nucleo.empleado", "pk": 15, "fields": {"empresa": 6, "departamento": 6, "control_horario": false, "nombre": "Alejandra Corzo", "numero_empleado": "109", "activo": true, "dias_trabajo": "0,1,2,3,4", "turno": 9}}, {"model": "nucleo.empleado", "pk": 16, "fields": {"empresa": 6, "departamento": 6, "control_horario": true, "nombre": "Oscar Ramon Roman Nuńez", "numero_empleado": "110", "activo": true, "dias_trabajo": "0,1,2,3,4", "turno": 9}}, {"model": "nucleo.empleado", "pk": 17, "fields": {"empresa": 6, "departamento": 5, "control_horario": true, "nombre": "Hector Calix", "numero_empleado": "111", "activo": true, "dias_trabajo": "0,1,2,3,4", "turno": 9}}, {"model": "nucleo.empleado", "pk": 18, "fields": {"empresa": 6, "departamento": 5, "control_horario": true, "nombre": "Alejandro Adame", "numero_empleado": "112", "activo": true, "dias_trabajo": "0,1,2,3,4", "turno": 9}}, {"model": "nucleo.empleado", "pk": 19, "fields": {"empresa": 6, "departamento": 5, "control_horario": true, "nombre": "Adrian Rivas", "numero_empleado": "113", "activo": true, "dias_trabajo": "0,1,2,3,4", "turno": 9}}, {"model": "nucleo.empleado", "pk": 20, "fields": {"empresa": 6, "departamento": 6, "control_horario": true, "nombre": "Omar Gonzalez", "numero_empleado": "114", "activo": true, "dias_trabajo": "0,1,2,3,4", "turno": 9}}, {"model": "nucleo.empleado", "pk": 21, "fields": {"empresa": 6, "departamento": 6, "control_horario": true, "nombre": "Jonathan Avitia", "numero_empleado": "115", "activo": true, "dias_trabajo": "0,1,2,3,4", "turno": 9}}, {"model": "nucleo.empleado", "pk": 22, "fields": {"empresa": 6, "departamento": 6, "control_horario": true, "nombre": "Juan Carlos Cordero Reyes", "numero_empleado": "116", "activo": true, "dias_trabajo": "0,1,2,3,4", "turno": 9}}, {"model": "nucleo.empleado", "pk": 23, "fields": {"empresa": 6, "departamento": 6, "control_horario": true, "nombre": "Carlos Talamantes", "numero_empleado": "117", "activo": true, "dias_trabajo": "0,1,2,3,4", "turno": 9}}, {"model": "nucleo.empleado", "pk": 24, "fields": {"empresa": 6, "departamento": 6, "control_horario": true, "nombre": "Luis Fernando Tovar", "numero_empleado": "118", "activo": true, "dias_trabajo": "0,1,2,3,4", "turno": 9}}, {"model": "nucleo.empleado", "pk": 25, "fields": {"empresa": 6, "departamento": 5, "control_horario": true, "nombre": "Rafael Casas", "numero_empleado": "119", "activo": true, "dias_trabajo": "0,1,2,3,4", "turno": 9}}, {"model": "nucleo.empleado", "pk": 26, "fields": {"empresa": 6, "departamento": 6, "control_horario": true, "nombre": "Eder de la Cruz", "numero_empleado": "120", "activo": true, "dias_trabajo": "0,1,2,3,4", "turno": 9}}, {"model": "nucleo.empleado", "pk": 27, "fields": {"empresa": 6, "departamento": 6, "control_horario": true, "nombre": "Eduardo de la Cruz", "numero_empleado": "122", "activo": true, "dias_trabajo": "0,1,2,3,4", "turno": 9}}, {"model": "nucleo.empleado", "pk": 29, "fields": {"empresa": 6, "departamento": 8, "control_horario": true, "nombre": "Gregorio Aguilera Pińa", "numero_empleado": "123", "activo": true, "dias_trabajo": "0,1,2,3,4", "turno": 10}}, {"model": "nucleo.empleado", "pk": 30, "fields": {"empresa": 6, "departamento": 8, "control_horario": true, "nombre": "Jenaro W. Diaz", "numero_empleado": "124", "activo": true, "dias_trabajo": "0,1,2,3,4", "turno": 10}}, {"model": "nucleo.empleado", "pk": 31, "fields": {"empresa": 6, "departamento": 3, "control_horario": true, "nombre": "Silvia Castro", "numero_empleado": "125", "activo": true, "dias_trabajo": "0,1,2,3,4", "turno": 11}}, {"model": "nucleo.empleado", "pk": 32, "fields": {"empresa": 6, "departamento": 1, "control_horario": true, "nombre": "Jose Valenzuela", "numero_empleado": "126", "activo": true, "dias_trabajo": "0,1,2,3,4", "turno": 9}}, {"model": "nucleo.empleado", "pk": 33, "fields": {"empresa": 6, "departamento": 1, "control_horario": true, "nombre": "Carlos Castillo", "numero_empleado": "127", "activo": false, "dias_trabajo": "0,1,2,3,4", "turno": null}}, {"model": "nucleo.empleado", "pk": 34, "fields": {"empresa": 6, "departamento": 1, "control_horario": true, "nombre": "Jose Villela", "numero_empleado": "128", "activo": false, "dias_trabajo": "0,1,2,3,4", "turno": null}}, {"model": "nucleo.empleado", "pk": 35, "fields": {"empresa": 6, "departamento": 1, "control_horario": true, "nombre": "Ramon Rodriguez", "numero_empleado": "129", "activo": false, "dias_trabajo": "0,1,2,3,4", "turno": null}}, {"model": "nucleo.empleado", "pk": 36, "fields": {"empresa": 6, "departamento": 1, "control_horario": true, "nombre": "Lucio Gonzalez", "numero_empleado": "130", "activo": false, "dias_trabajo": "0,1,2,3,4", "turno": null}}, {"model": "nucleo.empleado", "pk": 37, "fields": {"empresa": 6, "departamento": 1, "control_horario": true, "nombre": "Jesus Licerio", "numero_empleado": "131", "activo": false, "dias_trabajo": "0,1,2,3,4", "turno": null}}, {"model": "nucleo.empleado", "pk": 38, "fields": {"empresa": 6, "departamento": 1, "control_horario": true, "nombre": "Silvestre Tellez", "numero_empleado": "132", "activo": false, "dias_trabajo": "0,1,2,3,4", "turno": null}}, {"model": "nucleo.empleado", "pk": 39, "fields": {"empresa": 6, "departamento": 1, "control_horario": true, "nombre": "Blas Villegas", "numero_empleado": "133", "activo": false, "dias_trabajo": "0,1,2,3,4", "turno": null}}, {"model": "nucleo.empleado", "pk": 40, "fields": {"empresa": 6, "departamento": 1, "control_horario": true, "nombre": "Fidel Martinez", "numero_empleado": "134", "activo": false, "dias_trabajo": "0,1,2,3,4", "turno": null}}, {"model": "nucleo.empleado", "pk": 41, "fields": {"empresa": 6, "departamento": 1, "control_horario": true, "nombre": "Jose Torres", "numero_empleado": "135", "activo": false, "dias_trabajo": "0,1,2,3,4", "turno": null}}, {"model": "nucleo.empleado", "pk": 42, "fields": {"empresa": 6, "departamento": 2, "control_horario": false, "nombre": "Zulama Yahaira Franco", "numero_empleado": "136", "activo": true, "dias_trabajo": "0,1,2,3,4", "turno": 6}}, {"model": "nucleo.empleado", "pk": 43, "fields": {"empresa": 6, "departamento": 2, "control_horario": true, "nombre": "Mirella Morales de la Cruz", "numero_empleado": "137", "activo": true, "dias_trabajo": "0,1,2,3,4", "turno": 7}}, {"model": "nucleo.empleado", "pk": 44, "fields": {"empresa": 6, "departamento": 2, "control_horario": true, "nombre": "Rocio Zamarripa", "numero_empleado": "138", "activo": true, "dias_trabajo": "0,1,2,3,4", "turno": 7}}, {"model": "nucleo.empleado", "pk": 45, "fields": {"empresa": 6, "departamento": 2, "control_horario": true, "nombre": "Maria de Jesus Loera", "numero_empleado": "139", "activo": true, "dias_trabajo": "0,1,2,3,4", "turno": 7}}, {"model": "nucleo.empleado", "pk": 47, "fields": {"empresa": 6, "departamento": 5, "control_horario": true, "nombre": "Brenda Rojas", "numero_empleado": "121", "activo": true, "dias_trabajo": "0,1,2,3,4", "turno": 8}}, {"model": "nucleo.empleado", "pk": 52, "fields": {"empresa": 6, "departamento": 6, "control_horario": true, "nombre": "Alfredo Rodarte Tlalavera", "numero_empleado": "140", "activo": true, "dias_trabajo": "0,1,2,3,4", "turno": 9}}, {"model": "nucleo.empleado", "pk": 54, "fields": {"empresa": 6, "departamento": 3, "control_horario": false, "nombre": "Olga Lidia Barrera Carbajal", "numero_empleado": "100", "activo": true, "dias_trabajo": "0,1,2,3,4", "turno": 6}}, {"model": "nucleo.empleado", "pk": 58, "fields": {"empresa": 9, "departamento": 1, "control_horario": true, "nombre": "Carlos Diaz", "numero_empleado": "200", "activo": true, "dias_trabajo": "0,1,2,3,4", "turno": 6}}, {"model": "nucleo.empleado", "pk": 59, "fields": {"empresa": 9, "departamento": 2, "control_horario": true, "nombre": "Francisco Diaz", "numero_empleado": "201", "activo": true, "dias_trabajo": "0,1,2,3,4", "turno": 6}}, {"model": "nucleo.empleado", "pk": 60, "fields": {"empresa": 9, "departamento": 7, "control_horario": true, "nombre": "Guadalupe Diaz", "numero_empleado": "202", "activo": true, "dias_trabajo": "0,1,2,3,4", "turno": 9}}, {"model": "nucleo.empleado", "pk": 61, "fields": {"empresa": 9, "departamento": 6, "control_horario": true, "nombre": "Mercedes Diaz", "numero_empleado": "203", "activo": true, "dias_trabajo": "0,1,2,3,4", "turno": 10}}, {"model": "nucleo.empleado", "pk": 62, "fields": {"empresa": 9, "departamento": 3, "control_horario": true, "nombre": "Olivia Diaz", "numero_empleado": "204", "activo": true, "dias_trabajo": "0,1,2,3,4", "turno": 6}}, {"model": "core.empresa", "pk": 6, "fields": {"nombre": "EL MILAGRO", "subdominio": "MILAGRO", "activa": true}}, {"model": "core.empresa", "pk": 9, "fields": {"nombre": "La Coyotada", "subdominio": "Coyotes", "activa": true}}, {"model": "core.perfil", "pk": 5, "fields": {"user": 5, "empresa": 6}}, {"model": "core.perfil", "pk": 9, "fields": {"user": 9, "empresa": null}}, {"model": "core.incidencia", "pk": 2, "fields": {"turno": null, "empleado": 6, "tipo": "VACACIONES", "fecha_inicio": "2026-03-07", "fecha_fin": "2026-03-21"}}, {"model": "core.incidencia", "pk": 3, "fields": {"turno": null, "empleado": 7, "tipo": "INCAPACIDAD", "fecha_inicio": "2026-03-07", "fecha_fin": "2026-03-21"}}, {"model": "core.incidencia", "pk": 4, "fields": {"turno": null, "empleado": 9, "tipo": "PERMISO", "fecha_inicio": "2026-03-07", "fecha_fin": "2026-03-20"}}, {"model": "core.incidencia", "pk": 5, "fields": {"turno": null, "empleado": 13, "tipo": "DESCANSO", "fecha_inicio": "2026-03-07", "fecha_fin": "2026-03-28"}}, {"model": "core.incidencia", "pk": 6, "fields": {"turno": null, "empleado": 23, "tipo": "PERMISO", "fecha_inicio": "2026-03-07", "fecha_fin": "2026-03-20"}}, {"model": "core.incidencia", "pk": 7, "fields": {"turno": null, "empleado": 27, "tipo": "DESCANSO", "fecha_inicio": "2026-03-06", "fecha_fin": "2026-03-20"}}, {"model": "core.incidencia", "pk": 8, "fields": {"turno": null, "empleado": 37, "tipo": "PERMISO", "fecha_inicio": "2026-03-08", "fecha_fin": "2026-03-09"}}, {"model": "core.incidencia", "pk": 9, "fields": {"turno": null, "empleado": 38, "tipo": "VACACIONES", "fecha_inicio": "2026-03-08", "fecha_fin": "2026-03-14"}}, {"model": "core.incidencia", "pk": 10, "fields": {"turno": null, "empleado": 39, "tipo": "INCAPACIDAD", "fecha_inicio": "2026-03-08", "fecha_fin": "2026-03-11"}}, {"model": "core.incidencia", "pk": 11, "fields": {"turno": null, "empleado": 40, "tipo": "DESCANSO", "fecha_inicio": "2026-03-08", "fecha_fin": "2026-03-12"}}, {"model": "core.incidencia", "pk": 12, "fields": {"turno": null, "empleado": 16, "tipo": "PERMISO", "fecha_inicio": "2026-03-18", "fecha_fin": "2026-03-18"}}, {"model": "core.incidencia", "pk": 13, "fields": {"turno": null, "empleado": 16, "tipo": "PERMISO", "fecha_inicio": "2026-03-18", "fecha_fin": "2026-03-19"}}, {"model": "core.incidencia", "pk": 14, "fields": {"turno": null, "empleado": 17, "tipo": "VACACIONES", "fecha_inicio": "2026-03-18", "fecha_fin": "2026-03-19"}}, {"model": "core.incidencia", "pk": 15, "fields": {"turno": null, "empleado": 18, "tipo": "INCAPACIDAD", "fecha_inicio": "2026-03-18", "fecha_fin": "2026-03-18"}}, {"model": "core.incidencia", "pk": 16, "fields": {"turno": null, "empleado": 19, "tipo": "DESCANSO", "fecha_inicio": "2026-03-18", "fecha_fin": "2026-03-19"}}, {"model": "core.incidencia", "pk": 17, "fields": {"turno": null, "empleado": 21, "tipo": "PERMISO", "fecha_inicio": "2026-03-19", "fecha_fin": "2026-03-20"}}, {"model": "core.incidencia", "pk": 18, "fields": {"turno": null, "empleado": 25, "tipo": "PERMISO", "fecha_inicio": "2026-03-18", "fecha_fin": "2026-03-18"}}, {"model": "core.incidencia", "pk": 184, "fields": {"turno": null, "empleado": 6, "tipo": "MULTIPLES SALIDAS DE PERMISO SIN REGRESO", "fecha_inicio": "2026-01-01", "fecha_fin": "2026-01-01"}}, {"model": "core.incidencia", "pk": 185, "fields": {"turno": null, "empleado": 6, "tipo": "PERMISO SIN REGRESO FINAL", "fecha_inicio": "2026-01-01", "fecha_fin": "2026-01-01"}}, {"model": "core.incidencia", "pk": 186, "fields": {"turno": null, "empleado": 7, "tipo": "MULTIPLES SALIDAS DE PERMISO SIN REGRESO", "fecha_inicio": "2026-01-01", "fecha_fin": "2026-01-01"}}, {"model": "core.incidencia", "pk": 187, "fields": {"turno": null, "empleado": 10, "tipo": "MULTIPLES SALIDAS DE PERMISO SIN REGRESO", "fecha_inicio": "2026-01-01", "fecha_fin": "2026-01-01"}}, {"model": "core.incidencia", "pk": 188, "fields": {"turno": null, "empleado": 10, "tipo": "PERMISO SIN REGRESO FINAL", "fecha_inicio": "2026-01-01", "fecha_fin": "2026-01-01"}}, {"model": "core.incidencia", "pk": 191, "fields": {"turno": null, "empleado": 12, "tipo": "PERMISO SIN REGRESO FINAL", "fecha_inicio": "2026-01-01", "fecha_fin": "2026-01-01"}}, {"model": "core.incidencia", "pk": 192, "fields": {"turno": null, "empleado": 14, "tipo": "MULTIPLES SALIDAS DE PERMISO SIN REGRESO", "fecha_inicio": "2026-01-01", "fecha_fin": "2026-01-01"}}, {"model": "core.incidencia", "pk": 193, "fields": {"turno": null, "empleado": 14, "tipo": "PERMISO SIN REGRESO FINAL", "fecha_inicio": "2026-01-01", "fecha_fin": "2026-01-01"}}, {"model": "core.incidencia", "pk": 194, "fields": {"turno": null, "empleado": 15, "tipo": "MULTIPLES SALIDAS DE PERMISO SIN REGRESO", "fecha_inicio": "2026-01-01", "fecha_fin": "2026-01-01"}}, {"model": "core.incidencia", "pk": 195, "fields": {"turno": null, "empleado": 15, "tipo": "PERMISO SIN REGRESO FINAL", "fecha_inicio": "2026-01-01", "fecha_fin": "2026-01-01"}}, {"model": "core.incidencia", "pk": 196, "fields": {"turno": null, "empleado": 26, "tipo": "PERMISO SIN REGRESO FINAL", "fecha_inicio": "2026-01-01", "fecha_fin": "2026-01-01"}}, {"model": "core.incidencia", "pk": 197, "fields": {"turno": null, "empleado": 42, "tipo": "PERMISO SIN REGRESO FINAL", "fecha_inicio": "2026-01-01", "fecha_fin": "2026-01-01"}}, {"model": "core.incidencia", "pk": 198, "fields": {"turno": null, "empleado": 47, "tipo": "PERMISO SIN REGRESO FINAL", "fecha_inicio": "2026-01-01", "fecha_fin": "2026-01-01"}}, {"model": "core.incidencia", "pk": 199, "fields": {"turno": null, "empleado": 54, "tipo": "PERMISO SIN REGRESO FINAL", "fecha_inicio": "2026-01-01", "fecha_fin": "2026-01-01"}}, {"model": "core.incidencia", "pk": 214, "fields": {"turno": null, "empleado": 6, "tipo": "MULTIPLES SALIDAS DE PERMISO SIN REGRESO", "fecha_inicio": "2026-03-01", "fecha_fin": "2026-03-01"}}, {"model": "core.incidencia", "pk": 215, "fields": {"turno": null, "empleado": 6, "tipo": "PERMISO SIN REGRESO FINAL", "fecha_inicio": "2026-03-01", "fecha_fin": "2026-03-01"}}, {"model": "core.incidencia", "pk": 216, "fields": {"turno": null, "empleado": 10, "tipo": "PERMISO SIN REGRESO FINAL", "fecha_inicio": "2026-03-01", "fecha_fin": "2026-03-01"}}, {"model": "core.incidencia", "pk": 252, "fields": {"turno": null, "empleado": 10, "tipo": "PERMISO SIN REGRESO FINAL", "fecha_inicio": "2026-03-08", "fecha_fin": "2026-03-08"}}, {"model": "core.incidencia", "pk": 267, "fields": {"turno": null, "empleado": 7, "tipo": "PERMISO SIN REGRESO FINAL", "fecha_inicio": "2026-03-16", "fecha_fin": "2026-03-16"}}, {"model": "core.incidencia", "pk": 270, "fields": {"turno": null, "empleado": 12, "tipo": "PERMISO SIN REGRESO FINAL", "fecha_inicio": "2026-03-16", "fecha_fin": "2026-03-16"}}, {"model": "core.incidencia", "pk": 271, "fields": {"turno": null, "empleado": 14, "tipo": "PERMISO SIN REGRESO FINAL", "fecha_inicio": "2026-03-16", "fecha_fin": "2026-03-16"}}, {"model": "core.incidencia", "pk": 272, "fields": {"turno": null, "empleado": 15, "tipo": "PERMISO SIN REGRESO FINAL", "fecha_inicio": "2026-03-16", "fecha_fin": "2026-03-16"}}, {"model": "core.incidencia", "pk": 273, "fields": {"turno": null, "empleado": 26, "tipo": "PERMISO SIN REGRESO FINAL", "fecha_inicio": "2026-03-16", "fecha_fin": "2026-03-16"}}, {"model": "core.incidencia", "pk": 274, "fields": {"turno": null, "empleado": 42, "tipo": "PERMISO SIN REGRESO FINAL", "fecha_inicio": "2026-03-16", "fecha_fin": "2026-03-16"}}, {"model": "core.incidencia", "pk": 275, "fields": {"turno": null, "empleado": 47, "tipo": "PERMISO SIN REGRESO FINAL", "fecha_inicio": "2026-03-16", "fecha_fin": "2026-03-16"}}, {"model": "core.incidencia", "pk": 276, "fields": {"turno": null, "empleado": 54, "tipo": "PERMISO SIN REGRESO FINAL", "fecha_inicio": "2026-03-17", "fecha_fin": "2026-03-17"}}, {"model": "core.incidencia", "pk": 277, "fields": {"turno": null, "empleado": 6, "tipo": "PERMISO SIN REGRESO FINAL", "fecha_inicio": "2026-03-12", "fecha_fin": "2026-03-12"}}, {"model": "core.incidencia", "pk": 282, "fields": {"turno": null, "empleado": 10, "tipo": "PERMISO SIN REGRESO FINAL", "fecha_inicio": "2026-03-18", "fecha_fin": "2026-03-18"}}, {"model": "core.incidencia", "pk": 287, "fields": {"turno": null, "empleado": 6, "tipo": "MULTIPLES SALIDAS DE PERMISO SIN REGRESO", "fecha_inicio": "2026-03-22", "fecha_fin": "2026-03-22"}}, {"model": "core.incidencia", "pk": 288, "fields": {"turno": null, "empleado": 6, "tipo": "PERMISO SIN REGRESO FINAL", "fecha_inicio": "2026-03-22", "fecha_fin": "2026-03-22"}}, {"model": "core.incidencia", "pk": 293, "fields": {"turno": null, "empleado": 26, "tipo": "PERMISO SIN REGRESO FINAL", "fecha_inicio": "2026-03-28", "fecha_fin": "2026-03-28"}}, {"model": "core.incidencia", "pk": 294, "fields": {"turno": null, "empleado": 47, "tipo": "PERMISO SIN REGRESO FINAL", "fecha_inicio": "2026-03-28", "fecha_fin": "2026-03-28"}}, {"model": "core.incidencia", "pk": 295, "fields": {"turno": null, "empleado": 6, "tipo": "PERMISO", "fecha_inicio": "2026-04-03", "fecha_fin": "2026-04-04"}}, {"model": "core.incidencia", "pk": 297, "fields": {"turno": null, "empleado": 8, "tipo": "DESCANSO", "fecha_inicio": "2026-04-03", "fecha_fin": "2026-04-04"}}, {"model": "core.incidenciadia", "pk": 8, "fields": {"empleado": 6, "fecha": "2026-03-07", "tipo": "VACACIONES", "incidencia": 2}}, {"model": "core.incidenciadia", "pk": 9, "fields": {"empleado": 6, "fecha": "2026-03-08", "tipo": "VACACIONES", "incidencia": 2}}, {"model": "core.incidenciadia", "pk": 10, "fields": {"empleado": 6, "fecha": "2026-03-09", "tipo": "VACACIONES", "incidencia": 2}}, {"model": "core.incidenciadia", "pk": 11, "fields": {"empleado": 6, "fecha": "2026-03-10", "tipo": "VACACIONES", "incidencia": 2}}, {"model": "core.incidenciadia", "pk": 12, "fields": {"empleado": 6, "fecha": "2026-03-11", "tipo": "VACACIONES", "incidencia": 2}}, {"model": "core.incidenciadia", "pk": 13, "fields": {"empleado": 6, "fecha": "2026-03-12", "tipo": "VACACIONES", "incidencia": 2}}, {"model": "core.incidenciadia", "pk": 14, "fields": {"empleado": 6, "fecha": "2026-03-13", "tipo": "VACACIONES", "incidencia": 2}}, {"model": "core.incidenciadia", "pk": 15, "fields": {"empleado": 6, "fecha": "2026-03-14", "tipo": "VACACIONES", "incidencia": 2}}, {"model": "core.incidenciadia", "pk": 16, "fields": {"empleado": 6, "fecha": "2026-03-15", "tipo": "VACACIONES", "incidencia": 2}}, {"model": "core.incidenciadia", "pk": 17, "fields": {"empleado": 6, "fecha": "2026-03-16", "tipo": "VACACIONES", "incidencia": 2}}, {"model": "core.incidenciadia", "pk": 18, "fields": {"empleado": 6, "fecha": "2026-03-17", "tipo": "VACACIONES", "incidencia": 2}}, {"model": "core.incidenciadia", "pk": 19, "fields": {"empleado": 6, "fecha": "2026-03-18", "tipo": "VACACIONES", "incidencia": 2}}, {"model": "core.incidenciadia", "pk": 20, "fields": {"empleado": 6, "fecha": "2026-03-19", "tipo": "VACACIONES", "incidencia": 2}}, {"model": "core.incidenciadia", "pk": 21, "fields": {"empleado": 6, "fecha": "2026-03-20", "tipo": "VACACIONES", "incidencia": 2}}, {"model": "core.incidenciadia", "pk": 22, "fields": {"empleado": 6, "fecha": "2026-03-21", "tipo": "VACACIONES", "incidencia": 2}}, {"model": "core.incidenciadia", "pk": 23, "fields": {"empleado": 7, "fecha": "2026-03-07", "tipo": "INCAPACIDAD", "incidencia": 3}}, {"model": "core.incidenciadia", "pk": 24, "fields": {"empleado": 7, "fecha": "2026-03-08", "tipo": "INCAPACIDAD", "incidencia": 3}}, {"model": "core.incidenciadia", "pk": 25, "fields": {"empleado": 7, "fecha": "2026-03-09", "tipo": "INCAPACIDAD", "incidencia": 3}}, {"model": "core.incidenciadia", "pk": 26, "fields": {"empleado": 7, "fecha": "2026-03-10", "tipo": "INCAPACIDAD", "incidencia": 3}}, {"model": "core.incidenciadia", "pk": 27, "fields": {"empleado": 7, "fecha": "2026-03-11", "tipo": "INCAPACIDAD", "incidencia": 3}}, {"model": "core.incidenciadia", "pk": 28, "fields": {"empleado": 7, "fecha": "2026-03-12", "tipo": "INCAPACIDAD", "incidencia": 3}}, {"model": "core.incidenciadia", "pk": 29, "fields": {"empleado": 7, "fecha": "2026-03-13", "tipo": "INCAPACIDAD", "incidencia": 3}}, {"model": "core.incidenciadia", "pk": 30, "fields": {"empleado": 7, "fecha": "2026-03-14", "tipo": "INCAPACIDAD", "incidencia": 3}}, {"model": "core.incidenciadia", "pk": 31, "fields": {"empleado": 7, "fecha": "2026-03-15", "tipo": "INCAPACIDAD", "incidencia": 3}}, {"model": "core.incidenciadia", "pk": 32, "fields": {"empleado": 7, "fecha": "2026-03-16", "tipo": "INCAPACIDAD", "incidencia": 3}}, {"model": "core.incidenciadia", "pk": 33, "fields": {"empleado": 7, "fecha": "2026-03-17", "tipo": "INCAPACIDAD", "incidencia": 3}}, {"model": "core.incidenciadia", "pk": 34, "fields": {"empleado": 7, "fecha": "2026-03-18", "tipo": "INCAPACIDAD", "incidencia": 3}}, {"model": "core.incidenciadia", "pk": 35, "fields": {"empleado": 7, "fecha": "2026-03-19", "tipo": "INCAPACIDAD", "incidencia": 3}}, {"model": "core.incidenciadia", "pk": 36, "fields": {"empleado": 7, "fecha": "2026-03-20", "tipo": "INCAPACIDAD", "incidencia": 3}}, {"model": "core.incidenciadia", "pk": 37, "fields": {"empleado": 7, "fecha": "2026-03-21", "tipo": "INCAPACIDAD", "incidencia": 3}}, {"model": "core.incidenciadia", "pk": 38, "fields": {"empleado": 9, "fecha": "2026-03-07", "tipo": "PERMISO", "incidencia": 4}}, {"model": "core.incidenciadia", "pk": 39, "fields": {"empleado": 9, "fecha": "2026-03-08", "tipo": "PERMISO", "incidencia": 4}}, {"model": "core.incidenciadia", "pk": 40, "fields": {"empleado": 9, "fecha": "2026-03-09", "tipo": "PERMISO", "incidencia": 4}}, {"model": "core.incidenciadia", "pk": 41, "fields": {"empleado": 9, "fecha": "2026-03-10", "tipo": "PERMISO", "incidencia": 4}}, {"model": "core.incidenciadia", "pk": 42, "fields": {"empleado": 9, "fecha": "2026-03-11", "tipo": "PERMISO", "incidencia": 4}}, {"model": "core.incidenciadia", "pk": 43, "fields": {"empleado": 9, "fecha": "2026-03-12", "tipo": "PERMISO", "incidencia": 4}}, {"model": "core.incidenciadia", "pk": 44, "fields": {"empleado": 9, "fecha": "2026-03-13", "tipo": "PERMISO", "incidencia": 4}}, {"model": "core.incidenciadia", "pk": 45, "fields": {"empleado": 9, "fecha": "2026-03-14", "tipo": "PERMISO", "incidencia": 4}}, {"model": "core.incidenciadia", "pk": 46, "fields": {"empleado": 9, "fecha": "2026-03-15", "tipo": "PERMISO", "incidencia": 4}}, {"model": "core.incidenciadia", "pk": 47, "fields": {"empleado": 9, "fecha": "2026-03-16", "tipo": "PERMISO", "incidencia": 4}}, {"model": "core.incidenciadia", "pk": 48, "fields": {"empleado": 9, "fecha": "2026-03-17", "tipo": "PERMISO", "incidencia": 4}}, {"model": "core.incidenciadia", "pk": 49, "fields": {"empleado": 9, "fecha": "2026-03-18", "tipo": "PERMISO", "incidencia": 4}}, {"model": "core.incidenciadia", "pk": 50, "fields": {"empleado": 9, "fecha": "2026-03-19", "tipo": "PERMISO", "incidencia": 4}}, {"model": "core.incidenciadia", "pk": 51, "fields": {"empleado": 9, "fecha": "2026-03-20", "tipo": "PERMISO", "incidencia": 4}}, {"model": "core.incidenciadia", "pk": 52, "fields": {"empleado": 13, "fecha": "2026-03-07", "tipo": "DESCANSO", "incidencia": 5}}, {"model": "core.incidenciadia", "pk": 53, "fields": {"empleado": 13, "fecha": "2026-03-08", "tipo": "DESCANSO", "incidencia": 5}}, {"model": "core.incidenciadia", "pk": 54, "fields": {"empleado": 13, "fecha": "2026-03-09", "tipo": "DESCANSO", "incidencia": 5}}, {"model": "core.incidenciadia", "pk": 55, "fields": {"empleado": 13, "fecha": "2026-03-10", "tipo": "DESCANSO", "incidencia": 5}}, {"model": "core.incidenciadia", "pk": 56, "fields": {"empleado": 13, "fecha": "2026-03-11", "tipo": "DESCANSO", "incidencia": 5}}, {"model": "core.incidenciadia", "pk": 57, "fields": {"empleado": 13, "fecha": "2026-03-12", "tipo": "DESCANSO", "incidencia": 5}}, {"model": "core.incidenciadia", "pk": 58, "fields": {"empleado": 13, "fecha": "2026-03-13", "tipo": "DESCANSO", "incidencia": 5}}, {"model": "core.incidenciadia", "pk": 59, "fields": {"empleado": 13, "fecha": "2026-03-14", "tipo": "DESCANSO", "incidencia": 5}}, {"model": "core.incidenciadia", "pk": 60, "fields": {"empleado": 13, "fecha": "2026-03-15", "tipo": "DESCANSO", "incidencia": 5}}, {"model": "core.incidenciadia", "pk": 61, "fields": {"empleado": 13, "fecha": "2026-03-16", "tipo": "DESCANSO", "incidencia": 5}}, {"model": "core.incidenciadia", "pk": 62, "fields": {"empleado": 13, "fecha": "2026-03-17", "tipo": "DESCANSO", "incidencia": 5}}, {"model": "core.incidenciadia", "pk": 63, "fields": {"empleado": 13, "fecha": "2026-03-18", "tipo": "DESCANSO", "incidencia": 5}}, {"model": "core.incidenciadia", "pk": 64, "fields": {"empleado": 13, "fecha": "2026-03-19", "tipo": "DESCANSO", "incidencia": 5}}, {"model": "core.incidenciadia", "pk": 65, "fields": {"empleado": 13, "fecha": "2026-03-20", "tipo": "DESCANSO", "incidencia": 5}}, {"model": "core.incidenciadia", "pk": 66, "fields": {"empleado": 13, "fecha": "2026-03-21", "tipo": "DESCANSO", "incidencia": 5}}, {"model": "core.incidenciadia", "pk": 67, "fields": {"empleado": 13, "fecha": "2026-03-22", "tipo": "DESCANSO", "incidencia": 5}}, {"model": "core.incidenciadia", "pk": 68, "fields": {"empleado": 13, "fecha": "2026-03-23", "tipo": "DESCANSO", "incidencia": 5}}, {"model": "core.incidenciadia", "pk": 69, "fields": {"empleado": 13, "fecha": "2026-03-24", "tipo": "DESCANSO", "incidencia": 5}}, {"model": "core.incidenciadia", "pk": 70, "fields": {"empleado": 13, "fecha": "2026-03-25", "tipo": "DESCANSO", "incidencia": 5}}, {"model": "core.incidenciadia", "pk": 71, "fields": {"empleado": 13, "fecha": "2026-03-26", "tipo": "DESCANSO", "incidencia": 5}}, {"model": "core.incidenciadia", "pk": 72, "fields": {"empleado": 13, "fecha": "2026-03-27", "tipo": "DESCANSO", "incidencia": 5}}, {"model": "core.incidenciadia", "pk": 73, "fields": {"empleado": 13, "fecha": "2026-03-28", "tipo": "DESCANSO", "incidencia": 5}}, {"model": "core.incidenciadia", "pk": 74, "fields": {"empleado": 23, "fecha": "2026-03-07", "tipo": "PERMISO", "incidencia": 6}}, {"model": "core.incidenciadia", "pk": 75, "fields": {"empleado": 23, "fecha": "2026-03-08", "tipo": "PERMISO", "incidencia": 6}}, {"model": "core.incidenciadia", "pk": 76, "fields": {"empleado": 23, "fecha": "2026-03-09", "tipo": "PERMISO", "incidencia": 6}}, {"model": "core.incidenciadia", "pk": 77, "fields": {"empleado": 23, "fecha": "2026-03-10", "tipo": "PERMISO", "incidencia": 6}}, {"model": "core.incidenciadia", "pk": 78, "fields": {"empleado": 23, "fecha": "2026-03-11", "tipo": "PERMISO", "incidencia": 6}}, {"model": "core.incidenciadia", "pk": 79, "fields": {"empleado": 23, "fecha": "2026-03-12", "tipo": "PERMISO", "incidencia": 6}}, {"model": "core.incidenciadia", "pk": 80, "fields": {"empleado": 23, "fecha": "2026-03-13", "tipo": "PERMISO", "incidencia": 6}}, {"model": "core.incidenciadia", "pk": 81, "fields": {"empleado": 23, "fecha": "2026-03-14", "tipo": "PERMISO", "incidencia": 6}}, {"model": "core.incidenciadia", "pk": 82, "fields": {"empleado": 23, "fecha": "2026-03-15", "tipo": "PERMISO", "incidencia": 6}}, {"model": "core.incidenciadia", "pk": 83, "fields": {"empleado": 23, "fecha": "2026-03-16", "tipo": "PERMISO", "incidencia": 6}}, {"model": "core.incidenciadia", "pk": 84, "fields": {"empleado": 23, "fecha": "2026-03-17", "tipo": "PERMISO", "incidencia": 6}}, {"model": "core.incidenciadia", "pk": 85, "fields": {"empleado": 23, "fecha": "2026-03-18", "tipo": "PERMISO", "incidencia": 6}}, {"model": "core.incidenciadia", "pk": 86, "fields": {"empleado": 23, "fecha": "2026-03-19", "tipo": "PERMISO", "incidencia": 6}}, {"model": "core.incidenciadia", "pk": 87, "fields": {"empleado": 23, "fecha": "2026-03-20", "tipo": "PERMISO", "incidencia": 6}}, {"model": "core.incidenciadia", "pk": 88, "fields": {"empleado": 27, "fecha": "2026-03-06", "tipo": "DESCANSO", "incidencia": 7}}, {"model": "core.incidenciadia", "pk": 89, "fields": {"empleado": 27, "fecha": "2026-03-07", "tipo": "DESCANSO", "incidencia": 7}}, {"model": "core.incidenciadia", "pk": 90, "fields": {"empleado": 27, "fecha": "2026-03-08", "tipo": "DESCANSO", "incidencia": 7}}, {"model": "core.incidenciadia", "pk": 91, "fields": {"empleado": 27, "fecha": "2026-03-09", "tipo": "DESCANSO", "incidencia": 7}}, {"model": "core.incidenciadia", "pk": 92, "fields": {"empleado": 27, "fecha": "2026-03-10", "tipo": "DESCANSO", "incidencia": 7}}, {"model": "core.incidenciadia", "pk": 93, "fields": {"empleado": 27, "fecha": "2026-03-11", "tipo": "DESCANSO", "incidencia": 7}}, {"model": "core.incidenciadia", "pk": 94, "fields": {"empleado": 27, "fecha": "2026-03-12", "tipo": "DESCANSO", "incidencia": 7}}, {"model": "core.incidenciadia", "pk": 95, "fields": {"empleado": 27, "fecha": "2026-03-13", "tipo": "DESCANSO", "incidencia": 7}}, {"model": "core.incidenciadia", "pk": 96, "fields": {"empleado": 27, "fecha": "2026-03-14", "tipo": "DESCANSO", "incidencia": 7}}, {"model": "core.incidenciadia", "pk": 97, "fields": {"empleado": 27, "fecha": "2026-03-15", "tipo": "DESCANSO", "incidencia": 7}}, {"model": "core.incidenciadia", "pk": 98, "fields": {"empleado": 27, "fecha": "2026-03-16", "tipo": "DESCANSO", "incidencia": 7}}, {"model": "core.incidenciadia", "pk": 99, "fields": {"empleado": 27, "fecha": "2026-03-17", "tipo": "DESCANSO", "incidencia": 7}}, {"model": "core.incidenciadia", "pk": 100, "fields": {"empleado": 27, "fecha": "2026-03-18", "tipo": "DESCANSO", "incidencia": 7}}, {"model": "core.incidenciadia", "pk": 101, "fields": {"empleado": 27, "fecha": "2026-03-19", "tipo": "DESCANSO", "incidencia": 7}}, {"model": "core.incidenciadia", "pk": 102, "fields": {"empleado": 27, "fecha": "2026-03-20", "tipo": "DESCANSO", "incidencia": 7}}, {"model": "core.incidenciadia", "pk": 103, "fields": {"empleado": 37, "fecha": "2026-03-08", "tipo": "PERMISO", "incidencia": 8}}, {"model": "core.incidenciadia", "pk": 104, "fields": {"empleado": 37, "fecha": "2026-03-09", "tipo": "PERMISO", "incidencia": 8}}, {"model": "core.incidenciadia", "pk": 105, "fields": {"empleado": 38, "fecha": "2026-03-08", "tipo": "VACACIONES", "incidencia": 9}}, {"model": "core.incidenciadia", "pk": 106, "fields": {"empleado": 38, "fecha": "2026-03-09", "tipo": "VACACIONES", "incidencia": 9}}, {"model": "core.incidenciadia", "pk": 107, "fields": {"empleado": 38, "fecha": "2026-03-10", "tipo": "VACACIONES", "incidencia": 9}}, {"model": "core.incidenciadia", "pk": 108, "fields": {"empleado": 38, "fecha": "2026-03-11", "tipo": "VACACIONES", "incidencia": 9}}, {"model": "core.incidenciadia", "pk": 109, "fields": {"empleado": 38, "fecha": "2026-03-12", "tipo": "VACACIONES", "incidencia": 9}}, {"model": "core.incidenciadia", "pk": 110, "fields": {"empleado": 38, "fecha": "2026-03-13", "tipo": "VACACIONES", "incidencia": 9}}, {"model": "core.incidenciadia", "pk": 111, "fields": {"empleado": 38, "fecha": "2026-03-14", "tipo": "VACACIONES", "incidencia": 9}}, {"model": "core.incidenciadia", "pk": 112, "fields": {"empleado": 39, "fecha": "2026-03-08", "tipo": "INCAPACIDAD", "incidencia": 10}}, {"model": "core.incidenciadia", "pk": 113, "fields": {"empleado": 39, "fecha": "2026-03-09", "tipo": "INCAPACIDAD", "incidencia": 10}}, {"model": "core.incidenciadia", "pk": 114, "fields": {"empleado": 39, "fecha": "2026-03-10", "tipo": "INCAPACIDAD", "incidencia": 10}}, {"model": "core.incidenciadia", "pk": 115, "fields": {"empleado": 39, "fecha": "2026-03-11", "tipo": "INCAPACIDAD", "incidencia": 10}}, {"model": "core.incidenciadia", "pk": 116, "fields": {"empleado": 40, "fecha": "2026-03-08", "tipo": "DESCANSO", "incidencia": 11}}, {"model": "core.incidenciadia", "pk": 117, "fields": {"empleado": 40, "fecha": "2026-03-09", "tipo": "DESCANSO", "incidencia": 11}}, {"model": "core.incidenciadia", "pk": 118, "fields": {"empleado": 40, "fecha": "2026-03-10", "tipo": "DESCANSO", "incidencia": 11}}, {"model": "core.incidenciadia", "pk": 119, "fields": {"empleado": 40, "fecha": "2026-03-11", "tipo": "DESCANSO", "incidencia": 11}}, {"model": "core.incidenciadia", "pk": 120, "fields": {"empleado": 40, "fecha": "2026-03-12", "tipo": "DESCANSO", "incidencia": 11}}, {"model": "core.incidenciadia", "pk": 121, "fields": {"empleado": 16, "fecha": "2026-03-18", "tipo": "PERMISO", "incidencia": 12}}, {"model": "core.incidenciadia", "pk": 122, "fields": {"empleado": 17, "fecha": "2026-03-18", "tipo": "VACACIONES", "incidencia": 14}}, {"model": "core.incidenciadia", "pk": 123, "fields": {"empleado": 21, "fecha": "2026-03-19", "tipo": "PERMISO", "incidencia": 17}}, {"model": "core.incidenciadia", "pk": 124, "fields": {"empleado": 21, "fecha": "2026-03-20", "tipo": "PERMISO", "incidencia": 17}}, {"model": "core.incidenciadia", "pk": 125, "fields": {"empleado": 25, "fecha": "2026-03-18", "tipo": "PERMISO", "incidencia": 18}}, {"model": "core.incidenciadia", "pk": 126, "fields": {"empleado": 6, "fecha": "2026-04-03", "tipo": "PERMISO", "incidencia": 295}}, {"model": "core.incidenciadia", "pk": 127, "fields": {"empleado": 6, "fecha": "2026-04-04", "tipo": "PERMISO", "incidencia": 295}}, {"model": "core.incidenciadia", "pk": 129, "fields": {"empleado": 8, "fecha": "2026-04-03", "tipo": "DESCANSO", "incidencia": 297}}, {"model": "core.incidenciadia", "pk": 130, "fields": {"empleado": 8, "fecha": "2026-04-04", "tipo": "DESCANSO", "incidencia": 297}}, {"model": "core.turno", "pk": 6, "fields": {"empresa": 6, "nombre": "Jefaturas y Gerenciales", "hora_entrada": "10:00:00", "hora_salida": "17:00:00", "tolerancia_minutos": 15, "activo": true}}, {"model": "core.turno", "pk": 7, "fields": {"empresa": 6, "nombre": "Ejecutivos de Ventas", "hora_entrada": "09:00:00", "hora_salida": "16:00:00", "tolerancia_minutos": 15, "activo": true}}, {"model": "core.turno", "pk": 8, "fields": {"empresa": 6, "nombre": "Administracion", "hora_entrada": "08:00:00", "hora_salida": "17:00:00", "tolerancia_minutos": 15, "activo": true}}, {"model": "core.turno", "pk": 9, "fields": {"empresa": 6, "nombre": "General", "hora_entrada": "07:00:00", "hora_salida": "17:00:00", "tolerancia_minutos": 15, "activo": true}}, {"model": "core.turno", "pk": 10, "fields": {"empresa": 6, "nombre": "Matutino", "hora_entrada": "06:00:00", "hora_salida": "21:00:00", "tolerancia_minutos": 5, "activo": true}}, {"model": "core.turno", "pk": 11, "fields": {"empresa": 6, "nombre": "Intendencia", "hora_entrada": "08:30:00", "hora_salida": "15:00:00", "tolerancia_minutos": 15, "activo": true}}, {"model": "core.turno", "pk": 12, "fields": {"empresa": 6, "nombre": "Diseńo", "hora_entrada": "09:00:00", "hora_salida": "18:00:00", "tolerancia_minutos": 15, "activo": true}}, {"model": "core.empresausuario", "pk": 1, "fields": {"usuario": 5, "empresa": 6}}, {"model": "core.empresausuario", "pk": 2, "fields": {"usuario": 5, "empresa": 9}}, {"model": "core.empresausuario", "pk": 3, "fields": {"usuario": 9, "empresa": 6}}, {"model": "asistencia.asistencia", "pk": 2, "fields": {"empresa": 6, "empleado": 7, "fecha": "2026-03-04", "hora_entrada": "17:50:19.746", "hora_salida": "18:41:47.384", "tipo_dia": "NORMAL"}}, {"model": "asistencia.asistencia", "pk": 3, "fields": {"empresa": 6, "empleado": 8, "fecha": "2026-03-04", "hora_entrada": "17:50:26.820", "hora_salida": "18:41:58.394", "tipo_dia": "NORMAL"}}, {"model": "asistencia.asistencia", "pk": 4, "fields": {"empresa": 6, "empleado": 9, "fecha": "2026-03-04", "hora_entrada": "17:50:35.478", "hora_salida": "18:42:04.764", "tipo_dia": "NORMAL"}}, {"model": "asistencia.asistencia", "pk": 5, "fields": {"empresa": 6, "empleado": 10, "fecha": "2026-03-04", "hora_entrada": "17:50:41.759", "hora_salida": "18:42:11.650", "tipo_dia": "NORMAL"}}, {"model": "asistencia.asistencia", "pk": 7, "fields": {"empresa": 6, "empleado": 13, "fecha": "2026-03-04", "hora_entrada": "17:51:19.008", "hora_salida": "18:42:25.882", "tipo_dia": "NORMAL"}}, {"model": "asistencia.asistencia", "pk": 8, "fields": {"empresa": 6, "empleado": 14, "fecha": "2026-03-04", "hora_entrada": "17:51:43.603", "hora_salida": "18:42:32.494", "tipo_dia": "NORMAL"}}, {"model": "asistencia.asistencia", "pk": 9, "fields": {"empresa": 6, "empleado": 15, "fecha": "2026-03-04", "hora_entrada": "17:51:51.759", "hora_salida": "18:42:44.790", "tipo_dia": "NORMAL"}}, {"model": "asistencia.asistencia", "pk": 10, "fields": {"empresa": 6, "empleado": 16, "fecha": "2026-03-04", "hora_entrada": "17:51:57.327", "hora_salida": "18:42:51.617", "tipo_dia": "NORMAL"}}, {"model": "asistencia.asistencia", "pk": 11, "fields": {"empresa": 6, "empleado": 17, "fecha": "2026-03-04", "hora_entrada": "17:52:04.257", "hora_salida": "18:42:57.883", "tipo_dia": "NORMAL"}}, {"model": "asistencia.asistencia", "pk": 12, "fields": {"empresa": 6, "empleado": 18, "fecha": "2026-03-04", "hora_entrada": "17:52:09.447", "hora_salida": "18:43:03.705", "tipo_dia": "NORMAL"}}, {"model": "asistencia.asistencia", "pk": 13, "fields": {"empresa": 6, "empleado": 19, "fecha": "2026-03-04", "hora_entrada": "17:52:14.489", "hora_salida": "18:43:10.891", "tipo_dia": "NORMAL"}}, {"model": "asistencia.asistencia", "pk": 14, "fields": {"empresa": 6, "empleado": 20, "fecha": "2026-03-04", "hora_entrada": "17:52:21.801", "hora_salida": "18:43:16.410", "tipo_dia": "NORMAL"}}, {"model": "asistencia.asistencia", "pk": 15, "fields": {"empresa": 6, "empleado": 21, "fecha": "2026-03-04", "hora_entrada": "17:52:26.761", "hora_salida": "18:43:21.939", "tipo_dia": "NORMAL"}}, {"model": "asistencia.asistencia", "pk": 16, "fields": {"empresa": 6, "empleado": 22, "fecha": "2026-03-04", "hora_entrada": "17:52:31.243", "hora_salida": "18:43:28.026", "tipo_dia": "NORMAL"}}, {"model": "asistencia.asistencia", "pk": 17, "fields": {"empresa": 6, "empleado": 23, "fecha": "2026-03-04", "hora_entrada": "17:52:35.524", "hora_salida": "18:43:34.243", "tipo_dia": "NORMAL"}}, {"model": "asistencia.asistencia", "pk": 18, "fields": {"empresa": 6, "empleado": 25, "fecha": "2026-03-04", "hora_entrada": "17:52:43.790", "hora_salida": "18:43:45.752", "tipo_dia": "NORMAL"}}, {"model": "asistencia.asistencia", "pk": 19, "fields": {"empresa": 6, "empleado": 26, "fecha": "2026-03-04", "hora_entrada": "17:52:48.743", "hora_salida": "18:43:50.650", "tipo_dia": "NORMAL"}}, {"model": "asistencia.asistencia", "pk": 20, "fields": {"empresa": 6, "empleado": 27, "fecha": "2026-03-04", "hora_entrada": "17:52:58.143", "hora_salida": "18:44:02.074", "tipo_dia": "NORMAL"}}, {"model": "asistencia.asistencia", "pk": 21, "fields": {"empresa": 6, "empleado": 29, "fecha": "2026-03-04", "hora_entrada": "17:53:03.984", "hora_salida": "18:44:07.914", "tipo_dia": "NORMAL"}}, {"model": "asistencia.asistencia", "pk": 22, "fields": {"empresa": 6, "empleado": 30, "fecha": "2026-03-04", "hora_entrada": "17:53:10.384", "hora_salida": "18:44:13.105", "tipo_dia": "NORMAL"}}, {"model": "asistencia.asistencia", "pk": 23, "fields": {"empresa": 6, "empleado": 31, "fecha": "2026-03-04", "hora_entrada": "17:53:15.599", "hora_salida": "18:44:19.087", "tipo_dia": "NORMAL"}}, {"model": "asistencia.asistencia", "pk": 24, "fields": {"empresa": 6, "empleado": 32, "fecha": "2026-03-04", "hora_entrada": "17:53:19.975", "hora_salida": "18:44:24.899", "tipo_dia": "NORMAL"}}, {"model": "asistencia.asistencia", "pk": 25, "fields": {"empresa": 6, "empleado": 33, "fecha": "2026-03-04", "hora_entrada": "17:53:26.009", "hora_salida": "18:44:31.113", "tipo_dia": "NORMAL"}}, {"model": "asistencia.asistencia", "pk": 26, "fields": {"empresa": 6, "empleado": 35, "fecha": "2026-03-04", "hora_entrada": "17:53:34.087", "hora_salida": "18:44:43.001", "tipo_dia": "NORMAL"}}, {"model": "asistencia.asistencia", "pk": 27, "fields": {"empresa": 6, "empleado": 36, "fecha": "2026-03-04", "hora_entrada": "17:53:38.321", "hora_salida": "18:44:50.161", "tipo_dia": "NORMAL"}}, {"model": "asistencia.asistencia", "pk": 28, "fields": {"empresa": 6, "empleado": 39, "fecha": "2026-03-04", "hora_entrada": "17:53:50.665", "hora_salida": "18:45:24.793", "tipo_dia": "NORMAL"}}, {"model": "asistencia.asistencia", "pk": 29, "fields": {"empresa": 6, "empleado": 40, "fecha": "2026-03-04", "hora_entrada": "17:53:55.742", "hora_salida": "18:45:31.962", "tipo_dia": "NORMAL"}}, {"model": "asistencia.asistencia", "pk": 30, "fields": {"empresa": 6, "empleado": 41, "fecha": "2026-03-04", "hora_entrada": "17:54:00.718", "hora_salida": "18:45:38.390", "tipo_dia": "NORMAL"}}, {"model": "asistencia.asistencia", "pk": 31, "fields": {"empresa": 6, "empleado": 42, "fecha": "2026-03-04", "hora_entrada": "17:54:04.634", "hora_salida": "18:45:45.201", "tipo_dia": "NORMAL"}}, {"model": "asistencia.asistencia", "pk": 32, "fields": {"empresa": 6, "empleado": 43, "fecha": "2026-03-04", "hora_entrada": "17:54:10.788", "hora_salida": "18:45:52.026", "tipo_dia": "NORMAL"}}, {"model": "asistencia.asistencia", "pk": 33, "fields": {"empresa": 6, "empleado": 44, "fecha": "2026-03-04", "hora_entrada": "17:54:15.060", "hora_salida": "18:45:58.897", "tipo_dia": "NORMAL"}}, {"model": "asistencia.asistencia", "pk": 34, "fields": {"empresa": 6, "empleado": 45, "fecha": "2026-03-04", "hora_entrada": "17:54:22.613", "hora_salida": "18:46:06.529", "tipo_dia": "NORMAL"}}, {"model": "asistencia.asistencia", "pk": 35, "fields": {"empresa": 6, "empleado": 6, "fecha": "2026-03-04", "hora_entrada": "17:55:35.324", "hora_salida": "18:41:39.675", "tipo_dia": "NORMAL"}}, {"model": "asistencia.asistencia", "pk": 36, "fields": {"empresa": 6, "empleado": 12, "fecha": "2026-03-04", "hora_entrada": "17:58:20.088", "hora_salida": "18:42:18.803", "tipo_dia": "NORMAL"}}, {"model": "asistencia.asistencia", "pk": 38, "fields": {"empresa": 6, "empleado": 12, "fecha": "2026-03-06", "hora_entrada": "20:29:06.187", "hora_salida": "20:38:37.992", "tipo_dia": "NORMAL"}}, {"model": "asistencia.asistencia", "pk": 39, "fields": {"empresa": 6, "empleado": 13, "fecha": "2026-03-06", "hora_entrada": "20:29:15.572", "hora_salida": "20:38:46.330", "tipo_dia": "NORMAL"}}, {"model": "asistencia.asistencia", "pk": 40, "fields": {"empresa": 6, "empleado": 14, "fecha": "2026-03-06", "hora_entrada": "20:29:24.337", "hora_salida": "20:38:54.636", "tipo_dia": "NORMAL"}}, {"model": "asistencia.asistencia", "pk": 41, "fields": {"empresa": 6, "empleado": 15, "fecha": "2026-03-06", "hora_entrada": "20:29:32.058", "hora_salida": "20:39:01.765", "tipo_dia": "NORMAL"}}, {"model": "asistencia.asistencia", "pk": 42, "fields": {"empresa": 6, "empleado": 16, "fecha": "2026-03-06", "hora_entrada": "20:29:39.229", "hora_salida": "20:39:09.792", "tipo_dia": "NORMAL"}}, {"model": "asistencia.asistencia", "pk": 43, "fields": {"empresa": 6, "empleado": 17, "fecha": "2026-03-06", "hora_entrada": "20:29:45.526", "hora_salida": "20:39:18.076", "tipo_dia": "NORMAL"}}, {"model": "asistencia.asistencia", "pk": 44, "fields": {"empresa": 6, "empleado": 18, "fecha": "2026-03-06", "hora_entrada": "20:29:51.597", "hora_salida": "20:39:25.753", "tipo_dia": "NORMAL"}}, {"model": "asistencia.asistencia", "pk": 45, "fields": {"empresa": 6, "empleado": 19, "fecha": "2026-03-06", "hora_entrada": "20:29:57.807", "hora_salida": "20:39:33.391", "tipo_dia": "NORMAL"}}, {"model": "asistencia.asistencia", "pk": 46, "fields": {"empresa": 6, "empleado": 20, "fecha": "2026-03-06", "hora_entrada": "20:30:03.370", "hora_salida": "20:30:03.526", "tipo_dia": "NORMAL"}}, {"model": "asistencia.asistencia", "pk": 47, "fields": {"empresa": 6, "empleado": 21, "fecha": "2026-03-06", "hora_entrada": "20:30:13.267", "hora_salida": "20:39:48.517", "tipo_dia": "NORMAL"}}, {"model": "asistencia.asistencia", "pk": 48, "fields": {"empresa": 6, "empleado": 22, "fecha": "2026-03-06", "hora_entrada": "20:30:18.932", "hora_salida": "20:39:59.334", "tipo_dia": "NORMAL"}}, {"model": "asistencia.asistencia", "pk": 49, "fields": {"empresa": 6, "empleado": 23, "fecha": "2026-03-06", "hora_entrada": "20:30:23.728", "hora_salida": "20:40:08.541", "tipo_dia": "NORMAL"}}, {"model": "asistencia.asistencia", "pk": 50, "fields": {"empresa": 6, "empleado": 24, "fecha": "2026-03-06", "hora_entrada": "20:30:28.502", "hora_salida": null, "tipo_dia": "NORMAL"}}, {"model": "asistencia.asistencia", "pk": 51, "fields": {"empresa": 6, "empleado": 25, "fecha": "2026-03-06", "hora_entrada": "20:30:33.439", "hora_salida": null, "tipo_dia": "NORMAL"}}, {"model": "asistencia.asistencia", "pk": 52, "fields": {"empresa": 6, "empleado": 26, "fecha": "2026-03-06", "hora_entrada": "20:30:41.088", "hora_salida": "20:40:16.078", "tipo_dia": "NORMAL"}}, {"model": "asistencia.asistencia", "pk": 53, "fields": {"empresa": 6, "empleado": 47, "fecha": "2026-03-06", "hora_entrada": "20:30:45.276", "hora_salida": null, "tipo_dia": "NORMAL"}}, {"model": "asistencia.asistencia", "pk": 54, "fields": {"empresa": 6, "empleado": 34, "fecha": "2026-03-06", "hora_entrada": "20:40:25.026", "hora_salida": null, "tipo_dia": "NORMAL"}}, {"model": "asistencia.asistencia", "pk": 55, "fields": {"empresa": 6, "empleado": 33, "fecha": "2026-03-06", "hora_entrada": "20:40:37.278", "hora_salida": null, "tipo_dia": "NORMAL"}}, {"model": "asistencia.asistencia", "pk": 56, "fields": {"empresa": 6, "empleado": 36, "fecha": "2026-03-06", "hora_entrada": "20:40:49.506", "hora_salida": null, "tipo_dia": "NORMAL"}}, {"model": "asistencia.asistencia", "pk": 57, "fields": {"empresa": 6, "empleado": 6, "fecha": "2026-03-08", "hora_entrada": "09:01:04.007", "hora_salida": null, "tipo_dia": "NORMAL"}}, {"model": "asistencia.asistencia", "pk": 58, "fields": {"empresa": 6, "empleado": 10, "fecha": "2026-03-08", "hora_entrada": "09:01:25.732", "hora_salida": "12:20:34.302", "tipo_dia": "NORMAL"}}, {"model": "asistencia.asistencia", "pk": 60, "fields": {"empresa": 6, "empleado": 12, "fecha": "2026-03-08", "hora_entrada": "09:01:42.961", "hora_salida": null, "tipo_dia": "NORMAL"}}, {"model": "asistencia.asistencia", "pk": 61, "fields": {"empresa": 6, "empleado": 13, "fecha": "2026-03-08", "hora_entrada": "09:01:49.467", "hora_salida": null, "tipo_dia": "NORMAL"}}, {"model": "asistencia.asistencia", "pk": 62, "fields": {"empresa": 6, "empleado": 14, "fecha": "2026-03-08", "hora_entrada": "09:01:56.539", "hora_salida": null, "tipo_dia": "NORMAL"}}, {"model": "asistencia.asistencia", "pk": 63, "fields": {"empresa": 6, "empleado": 15, "fecha": "2026-03-08", "hora_entrada": "09:02:01.554", "hora_salida": null, "tipo_dia": "NORMAL"}}, {"model": "asistencia.asistencia", "pk": 64, "fields": {"empresa": 6, "empleado": 19, "fecha": "2026-03-08", "hora_entrada": "09:02:14.983", "hora_salida": null, "tipo_dia": "NORMAL"}}, {"model": "asistencia.asistencia", "pk": 65, "fields": {"empresa": 6, "empleado": 20, "fecha": "2026-03-08", "hora_entrada": "09:02:24.853", "hora_salida": null, "tipo_dia": "NORMAL"}}, {"model": "asistencia.asistencia", "pk": 66, "fields": {"empresa": 6, "empleado": 21, "fecha": "2026-03-08", "hora_entrada": "09:02:29.819", "hora_salida": null, "tipo_dia": "NORMAL"}}, {"model": "asistencia.asistencia", "pk": 67, "fields": {"empresa": 6, "empleado": 22, "fecha": "2026-03-08", "hora_entrada": "09:02:34.516", "hora_salida": null, "tipo_dia": "NORMAL"}}, {"model": "asistencia.asistencia", "pk": 68, "fields": {"empresa": 6, "empleado": 23, "fecha": "2026-03-08", "hora_entrada": "09:02:38.616", "hora_salida": null, "tipo_dia": "NORMAL"}}, {"model": "asistencia.asistencia", "pk": 69, "fields": {"empresa": 6, "empleado": 24, "fecha": "2026-03-08", "hora_entrada": "09:02:42.695", "hora_salida": null, "tipo_dia": "NORMAL"}}, {"model": "asistencia.asistencia", "pk": 70, "fields": {"empresa": 6, "empleado": 25, "fecha": "2026-03-08", "hora_entrada": "09:02:48.444", "hora_salida": null, "tipo_dia": "NORMAL"}}, {"model": "asistencia.asistencia", "pk": 71, "fields": {"empresa": 6, "empleado": 26, "fecha": "2026-03-08", "hora_entrada": "09:02:52.601", "hora_salida": null, "tipo_dia": "NORMAL"}}, {"model": "asistencia.asistencia", "pk": 72, "fields": {"empresa": 6, "empleado": 29, "fecha": "2026-03-08", "hora_entrada": "09:03:05.855", "hora_salida": null, "tipo_dia": "NORMAL"}}, {"model": "asistencia.asistencia", "pk": 73, "fields": {"empresa": 6, "empleado": 30, "fecha": "2026-03-08", "hora_entrada": "09:03:10.960", "hora_salida": null, "tipo_dia": "NORMAL"}}, {"model": "asistencia.asistencia", "pk": 74, "fields": {"empresa": 6, "empleado": 31, "fecha": "2026-03-08", "hora_entrada": "09:03:15.524", "hora_salida": null, "tipo_dia": "NORMAL"}}, {"model": "asistencia.asistencia", "pk": 75, "fields": {"empresa": 6, "empleado": 32, "fecha": "2026-03-08", "hora_entrada": "09:03:19.304", "hora_salida": null, "tipo_dia": "NORMAL"}}, {"model": "asistencia.asistencia", "pk": 76, "fields": {"empresa": 6, "empleado": 33, "fecha": "2026-03-08", "hora_entrada": "09:03:24.476", "hora_salida": null, "tipo_dia": "NORMAL"}}, {"model": "asistencia.asistencia", "pk": 77, "fields": {"empresa": 6, "empleado": 34, "fecha": "2026-03-08", "hora_entrada": "09:03:30.727", "hora_salida": null, "tipo_dia": "NORMAL"}}, {"model": "asistencia.asistencia", "pk": 78, "fields": {"empresa": 6, "empleado": 35, "fecha": "2026-03-08", "hora_entrada": "09:03:35.048", "hora_salida": null, "tipo_dia": "NORMAL"}}, {"model": "asistencia.asistencia", "pk": 79, "fields": {"empresa": 6, "empleado": 36, "fecha": "2026-03-08", "hora_entrada": "09:03:40.418", "hora_salida": null, "tipo_dia": "NORMAL"}}, {"model": "asistencia.asistencia", "pk": 80, "fields": {"empresa": 6, "empleado": 43, "fecha": "2026-03-08", "hora_entrada": "09:19:09.411", "hora_salida": "09:19:17.913", "tipo_dia": "NORMAL"}}, {"model": "asistencia.asistencia", "pk": 81, "fields": {"empresa": 6, "empleado": 44, "fecha": "2026-03-08", "hora_entrada": "09:19:57.298", "hora_salida": null, "tipo_dia": "NORMAL"}}, {"model": "asistencia.asistencia", "pk": 82, "fields": {"empresa": 6, "empleado": 45, "fecha": "2026-03-08", "hora_entrada": "09:20:04.731", "hora_salida": null, "tipo_dia": "NORMAL"}}, {"model": "asistencia.asistencia", "pk": 83, "fields": {"empresa": 6, "empleado": 52, "fecha": "2026-03-08", "hora_entrada": "09:20:09.575", "hora_salida": null, "tipo_dia": "NORMAL"}}, {"model": "asistencia.asistencia", "pk": 84, "fields": {"empresa": 6, "empleado": 47, "fecha": "2026-03-08", "hora_entrada": "09:24:02.241", "hora_salida": null, "tipo_dia": "NORMAL"}}, {"model": "asistencia.asistencia", "pk": 85, "fields": {"empresa": 6, "empleado": 41, "fecha": "2026-03-08", "hora_entrada": "09:24:10.136", "hora_salida": null, "tipo_dia": "NORMAL"}}, {"model": "asistencia.asistencia", "pk": 86, "fields": {"empresa": 6, "empleado": 10, "fecha": "2026-03-10", "hora_entrada": "06:44:41.841", "hora_salida": "09:29:01.165", "tipo_dia": "NORMAL"}}, {"model": "asistencia.asistencia", "pk": 88, "fields": {"empresa": 6, "empleado": 12, "fecha": "2026-03-10", "hora_entrada": "06:45:03.823", "hora_salida": "09:29:15.888", "tipo_dia": "NORMAL"}}, {"model": "asistencia.asistencia", "pk": 89, "fields": {"empresa": 6, "empleado": 14, "fecha": "2026-03-10", "hora_entrada": "06:45:16.394", "hora_salida": "09:29:23.061", "tipo_dia": "NORMAL"}}, {"model": "asistencia.asistencia", "pk": 90, "fields": {"empresa": 6, "empleado": 15, "fecha": "2026-03-10", "hora_entrada": "06:45:27.431", "hora_salida": "09:29:29.223", "tipo_dia": "NORMAL"}}, {"model": "asistencia.asistencia", "pk": 91, "fields": {"empresa": 6, "empleado": 16, "fecha": "2026-03-10", "hora_entrada": "06:45:36.082", "hora_salida": "09:29:33.953", "tipo_dia": "NORMAL"}}, {"model": "asistencia.asistencia", "pk": 92, "fields": {"empresa": 6, "empleado": 17, "fecha": "2026-03-10", "hora_entrada": "06:45:44.535", "hora_salida": "09:29:39.907", "tipo_dia": "NORMAL"}}, {"model": "asistencia.asistencia", "pk": 93, "fields": {"empresa": 6, "empleado": 18, "fecha": "2026-03-10", "hora_entrada": "06:45:54.545", "hora_salida": "09:29:45.935", "tipo_dia": "NORMAL"}}, {"model": "asistencia.asistencia", "pk": 94, "fields": {"empresa": 6, "empleado": 19, "fecha": "2026-03-10", "hora_entrada": "06:46:03.218", "hora_salida": "09:29:51.728", "tipo_dia": "NORMAL"}}, {"model": "asistencia.asistencia", "pk": 95, "fields": {"empresa": 6, "empleado": 20, "fecha": "2026-03-10", "hora_entrada": "06:46:10.397", "hora_salida": "09:29:57.731", "tipo_dia": "NORMAL"}}, {"model": "asistencia.asistencia", "pk": 96, "fields": {"empresa": 6, "empleado": 21, "fecha": "2026-03-10", "hora_entrada": "06:46:16.694", "hora_salida": "09:30:03.456", "tipo_dia": "NORMAL"}}, {"model": "asistencia.asistencia", "pk": 97, "fields": {"empresa": 6, "empleado": 22, "fecha": "2026-03-10", "hora_entrada": "06:46:24.204", "hora_salida": "09:30:08.804", "tipo_dia": "NORMAL"}}, {"model": "asistencia.asistencia", "pk": 98, "fields": {"empresa": 6, "empleado": 24, "fecha": "2026-03-10", "hora_entrada": "06:46:34.354", "hora_salida": "09:30:20.740", "tipo_dia": "NORMAL"}}, {"model": "asistencia.asistencia", "pk": 99, "fields": {"empresa": 6, "empleado": 25, "fecha": "2026-03-10", "hora_entrada": "06:46:40.132", "hora_salida": "09:30:26.623", "tipo_dia": "NORMAL"}}, {"model": "asistencia.asistencia", "pk": 100, "fields": {"empresa": 6, "empleado": 26, "fecha": "2026-03-10", "hora_entrada": "06:46:46.039", "hora_salida": "09:30:31.823", "tipo_dia": "NORMAL"}}, {"model": "asistencia.asistencia", "pk": 101, "fields": {"empresa": 6, "empleado": 47, "fecha": "2026-03-10", "hora_entrada": "06:46:51.613", "hora_salida": "09:30:36.880", "tipo_dia": "NORMAL"}}, {"model": "asistencia.asistencia", "pk": 102, "fields": {"empresa": 6, "empleado": 37, "fecha": "2026-03-10", "hora_entrada": "06:50:14.795", "hora_salida": "09:30:14.674", "tipo_dia": "NORMAL"}}, {"model": "asistencia.asistencia", "pk": 103, "fields": {"empresa": 6, "empleado": 6, "fecha": "2026-03-10", "hora_entrada": "06:53:18.275", "hora_salida": null, "tipo_dia": "NORMAL"}}, {"model": "asistencia.asistencia", "pk": 104, "fields": {"empresa": 6, "empleado": 29, "fecha": "2026-03-10", "hora_entrada": "08:00:06.568", "hora_salida": "09:30:43.346", "tipo_dia": "NORMAL"}}, {"model": "asistencia.asistencia", "pk": 105, "fields": {"empresa": 6, "empleado": 30, "fecha": "2026-03-10", "hora_entrada": "08:00:13.070", "hora_salida": "09:30:48.900", "tipo_dia": "NORMAL"}}, {"model": "asistencia.asistencia", "pk": 106, "fields": {"empresa": 6, "empleado": 31, "fecha": "2026-03-10", "hora_entrada": "08:00:19.183", "hora_salida": "09:30:54.612", "tipo_dia": "NORMAL"}}, {"model": "asistencia.asistencia", "pk": 107, "fields": {"empresa": 6, "empleado": 32, "fecha": "2026-03-10", "hora_entrada": "08:00:25.425", "hora_salida": "09:30:59.028", "tipo_dia": "NORMAL"}}, {"model": "asistencia.asistencia", "pk": 108, "fields": {"empresa": 6, "empleado": 41, "fecha": "2026-03-10", "hora_entrada": "08:00:34.151", "hora_salida": "09:31:28.130", "tipo_dia": "NORMAL"}}, {"model": "asistencia.asistencia", "pk": 109, "fields": {"empresa": 6, "empleado": 43, "fecha": "2026-03-10", "hora_entrada": "08:00:43.125", "hora_salida": "09:31:37.027", "tipo_dia": "NORMAL"}}, {"model": "asistencia.asistencia", "pk": 110, "fields": {"empresa": 6, "empleado": 44, "fecha": "2026-03-10", "hora_entrada": "08:00:50.402", "hora_salida": "09:31:42.665", "tipo_dia": "NORMAL"}}, {"model": "asistencia.asistencia", "pk": 111, "fields": {"empresa": 6, "empleado": 33, "fecha": "2026-03-10", "hora_entrada": "08:15:33.256", "hora_salida": "09:31:04.004", "tipo_dia": "NORMAL"}}, {"model": "asistencia.asistencia", "pk": 112, "fields": {"empresa": 6, "empleado": 34, "fecha": "2026-03-10", "hora_entrada": "08:16:14.441", "hora_salida": "09:31:09.167", "tipo_dia": "NORMAL"}}, {"model": "asistencia.asistencia", "pk": 113, "fields": {"empresa": 6, "empleado": 35, "fecha": "2026-03-10", "hora_entrada": "08:16:23.582", "hora_salida": "09:31:14.162", "tipo_dia": "NORMAL"}}, {"model": "asistencia.asistencia", "pk": 114, "fields": {"empresa": 6, "empleado": 36, "fecha": "2026-03-10", "hora_entrada": "08:16:32.046", "hora_salida": "09:31:20.355", "tipo_dia": "NORMAL"}}, {"model": "asistencia.asistencia", "pk": 115, "fields": {"empresa": 6, "empleado": 45, "fecha": "2026-03-10", "hora_entrada": "08:21:23.191", "hora_salida": "09:31:50.885", "tipo_dia": "NORMAL"}}, {"model": "asistencia.asistencia", "pk": 116, "fields": {"empresa": 6, "empleado": 8, "fecha": "2026-03-10", "hora_entrada": "09:35:18.917", "hora_salida": null, "tipo_dia": "NORMAL"}}, {"model": "asistencia.asistencia", "pk": 117, "fields": {"empresa": 6, "empleado": 6, "fecha": "2026-03-12", "hora_entrada": "07:54:31.133", "hora_salida": "22:33:43.857", "tipo_dia": "NORMAL"}}, {"model": "asistencia.asistencia", "pk": 118, "fields": {"empresa": 6, "empleado": 10, "fecha": "2026-03-12", "hora_entrada": "07:54:40.521", "hora_salida": "22:34:09.562", "tipo_dia": "NORMAL"}}, {"model": "asistencia.asistencia", "pk": 120, "fields": {"empresa": 6, "empleado": 14, "fecha": "2026-03-12", "hora_entrada": "07:55:02.318", "hora_salida": "16:59:55.669", "tipo_dia": "NORMAL"}}, {"model": "asistencia.asistencia", "pk": 121, "fields": {"empresa": 6, "empleado": 15, "fecha": "2026-03-12", "hora_entrada": "07:55:07.959", "hora_salida": "16:53:59.223", "tipo_dia": "NORMAL"}}, {"model": "asistencia.asistencia", "pk": 122, "fields": {"empresa": 6, "empleado": 16, "fecha": "2026-03-12", "hora_entrada": "07:55:12.278", "hora_salida": "16:54:23.599", "tipo_dia": "NORMAL"}}, {"model": "asistencia.asistencia", "pk": 123, "fields": {"empresa": 6, "empleado": 17, "fecha": "2026-03-12", "hora_entrada": "07:55:17.668", "hora_salida": "16:54:30.263", "tipo_dia": "NORMAL"}}, {"model": "asistencia.asistencia", "pk": 124, "fields": {"empresa": 6, "empleado": 18, "fecha": "2026-03-12", "hora_entrada": "07:55:21.990", "hora_salida": "16:54:37.963", "tipo_dia": "NORMAL"}}, {"model": "asistencia.asistencia", "pk": 125, "fields": {"empresa": 6, "empleado": 19, "fecha": "2026-03-12", "hora_entrada": "07:55:25.739", "hora_salida": "16:54:44.050", "tipo_dia": "NORMAL"}}, {"model": "asistencia.asistencia", "pk": 126, "fields": {"empresa": 6, "empleado": 20, "fecha": "2026-03-12", "hora_entrada": "07:55:29.098", "hora_salida": "16:54:48.561", "tipo_dia": "NORMAL"}}, {"model": "asistencia.asistencia", "pk": 127, "fields": {"empresa": 6, "empleado": 21, "fecha": "2026-03-12", "hora_entrada": "07:55:32.679", "hora_salida": "16:54:53.409", "tipo_dia": "NORMAL"}}, {"model": "asistencia.asistencia", "pk": 128, "fields": {"empresa": 6, "empleado": 22, "fecha": "2026-03-12", "hora_entrada": "07:55:36.911", "hora_salida": "16:54:57.921", "tipo_dia": "NORMAL"}}, {"model": "asistencia.asistencia", "pk": 129, "fields": {"empresa": 6, "empleado": 23, "fecha": "2026-03-12", "hora_entrada": "07:55:40.954", "hora_salida": "16:55:04.001", "tipo_dia": "NORMAL"}}, {"model": "asistencia.asistencia", "pk": 130, "fields": {"empresa": 6, "empleado": 24, "fecha": "2026-03-12", "hora_entrada": "07:55:44.646", "hora_salida": "16:55:09.152", "tipo_dia": "NORMAL"}}, {"model": "asistencia.asistencia", "pk": 131, "fields": {"empresa": 6, "empleado": 25, "fecha": "2026-03-12", "hora_entrada": "07:55:50.610", "hora_salida": "16:55:15.232", "tipo_dia": "NORMAL"}}, {"model": "asistencia.asistencia", "pk": 132, "fields": {"empresa": 6, "empleado": 26, "fecha": "2026-03-12", "hora_entrada": "07:55:54.491", "hora_salida": "16:55:21.218", "tipo_dia": "NORMAL"}}, {"model": "asistencia.asistencia", "pk": 133, "fields": {"empresa": 6, "empleado": 47, "fecha": "2026-03-12", "hora_entrada": "07:55:58.661", "hora_salida": "16:55:25.346", "tipo_dia": "NORMAL"}}, {"model": "asistencia.asistencia", "pk": 134, "fields": {"empresa": 6, "empleado": 27, "fecha": "2026-03-12", "hora_entrada": "07:56:02.521", "hora_salida": "16:55:36.368", "tipo_dia": "NORMAL"}}, {"model": "asistencia.asistencia", "pk": 135, "fields": {"empresa": 6, "empleado": 29, "fecha": "2026-03-12", "hora_entrada": "07:56:05.864", "hora_salida": "16:55:40.065", "tipo_dia": "NORMAL"}}, {"model": "asistencia.asistencia", "pk": 136, "fields": {"empresa": 6, "empleado": 30, "fecha": "2026-03-12", "hora_entrada": "07:56:11.836", "hora_salida": "16:55:47.328", "tipo_dia": "NORMAL"}}, {"model": "asistencia.asistencia", "pk": 137, "fields": {"empresa": 6, "empleado": 31, "fecha": "2026-03-12", "hora_entrada": "07:56:15.796", "hora_salida": "16:55:53.525", "tipo_dia": "NORMAL"}}, {"model": "asistencia.asistencia", "pk": 138, "fields": {"empresa": 6, "empleado": 32, "fecha": "2026-03-12", "hora_entrada": "07:56:19.614", "hora_salida": "16:55:59.015", "tipo_dia": "NORMAL"}}, {"model": "asistencia.asistencia", "pk": 139, "fields": {"empresa": 6, "empleado": 33, "fecha": "2026-03-12", "hora_entrada": "07:56:23.287", "hora_salida": "16:56:05.281", "tipo_dia": "NORMAL"}}, {"model": "asistencia.asistencia", "pk": 140, "fields": {"empresa": 6, "empleado": 34, "fecha": "2026-03-12", "hora_entrada": "07:56:27.050", "hora_salida": "16:56:11.391", "tipo_dia": "NORMAL"}}, {"model": "asistencia.asistencia", "pk": 141, "fields": {"empresa": 6, "empleado": 35, "fecha": "2026-03-12", "hora_entrada": "07:56:30.818", "hora_salida": "16:56:16.983", "tipo_dia": "NORMAL"}}, {"model": "asistencia.asistencia", "pk": 142, "fields": {"empresa": 6, "empleado": 36, "fecha": "2026-03-12", "hora_entrada": "07:56:34.312", "hora_salida": "16:56:22.868", "tipo_dia": "NORMAL"}}, {"model": "asistencia.asistencia", "pk": 143, "fields": {"empresa": 6, "empleado": 12, "fecha": "2026-03-12", "hora_entrada": "07:57:11.521", "hora_salida": null, "tipo_dia": "NORMAL"}}, {"model": "asistencia.asistencia", "pk": 144, "fields": {"empresa": 6, "empleado": 13, "fecha": "2026-03-12", "hora_entrada": "07:58:04.379", "hora_salida": "16:52:53.794", "tipo_dia": "NORMAL"}}, {"model": "asistencia.asistencia", "pk": 145, "fields": {"empresa": 6, "empleado": 43, "fecha": "2026-03-12", "hora_entrada": "08:06:24.029", "hora_salida": "16:57:11.089", "tipo_dia": "NORMAL"}}, {"model": "asistencia.asistencia", "pk": 146, "fields": {"empresa": 6, "empleado": 44, "fecha": "2026-03-12", "hora_entrada": "08:06:39.826", "hora_salida": "16:57:17.534", "tipo_dia": "NORMAL"}}, {"model": "asistencia.asistencia", "pk": 147, "fields": {"empresa": 6, "empleado": 45, "fecha": "2026-03-12", "hora_entrada": "08:19:36.512", "hora_salida": "16:57:24.910", "tipo_dia": "NORMAL"}}, {"model": "asistencia.asistencia", "pk": 148, "fields": {"empresa": 6, "empleado": 52, "fecha": "2026-03-12", "hora_entrada": "08:21:34.209", "hora_salida": "16:57:30.355", "tipo_dia": "NORMAL"}}, {"model": "asistencia.asistencia", "pk": 149, "fields": {"empresa": 6, "empleado": 41, "fecha": "2026-03-12", "hora_entrada": "08:23:26.637", "hora_salida": "16:56:58.039", "tipo_dia": "NORMAL"}}, {"model": "asistencia.asistencia", "pk": 150, "fields": {"empresa": 6, "empleado": 37, "fecha": "2026-03-12", "hora_entrada": "16:56:28.941", "hora_salida": "22:34:50.925", "tipo_dia": "NORMAL"}}, {"model": "asistencia.asistencia", "pk": 151, "fields": {"empresa": 6, "empleado": 38, "fecha": "2026-03-12", "hora_entrada": "16:56:36.240", "hora_salida": "22:34:58.365", "tipo_dia": "NORMAL"}}, {"model": "asistencia.asistencia", "pk": 152, "fields": {"empresa": 6, "empleado": 39, "fecha": "2026-03-12", "hora_entrada": "16:56:43.158", "hora_salida": "22:35:05.643", "tipo_dia": "NORMAL"}}, {"model": "asistencia.asistencia", "pk": 153, "fields": {"empresa": 6, "empleado": 40, "fecha": "2026-03-12", "hora_entrada": "16:56:51.333", "hora_salida": "22:35:15.235", "tipo_dia": "NORMAL"}}, {"model": "asistencia.asistencia", "pk": 154, "fields": {"empresa": 6, "empleado": 42, "fecha": "2026-03-12", "hora_entrada": "16:57:04.791", "hora_salida": "22:35:26.771", "tipo_dia": "NORMAL"}}, {"model": "asistencia.asistencia", "pk": 155, "fields": {"empresa": 6, "empleado": 54, "fecha": "2026-03-14", "hora_entrada": "09:19:19.557", "hora_salida": "21:55:24.554", "tipo_dia": "NORMAL"}}, {"model": "asistencia.asistencia", "pk": 156, "fields": {"empresa": 6, "empleado": 6, "fecha": "2026-03-14", "hora_entrada": "09:19:28.311", "hora_salida": "21:55:33.214", "tipo_dia": "NORMAL"}}, {"model": "asistencia.asistencia", "pk": 157, "fields": {"empresa": 6, "empleado": 7, "fecha": "2026-03-14", "hora_entrada": "09:20:11.485", "hora_salida": "21:55:40.240", "tipo_dia": "NORMAL"}}, {"model": "asistencia.asistencia", "pk": 158, "fields": {"empresa": 6, "empleado": 8, "fecha": "2026-03-14", "hora_entrada": "09:20:18.237", "hora_salida": "21:55:45.938", "tipo_dia": "NORMAL"}}, {"model": "asistencia.asistencia", "pk": 159, "fields": {"empresa": 6, "empleado": 9, "fecha": "2026-03-14", "hora_entrada": "09:20:23.018", "hora_salida": "21:55:51.703", "tipo_dia": "NORMAL"}}, {"model": "asistencia.asistencia", "pk": 160, "fields": {"empresa": 6, "empleado": 10, "fecha": "2026-03-14", "hora_entrada": "09:20:27.342", "hora_salida": "21:55:58.070", "tipo_dia": "NORMAL"}}, {"model": "asistencia.asistencia", "pk": 162, "fields": {"empresa": 6, "empleado": 14, "fecha": "2026-03-14", "hora_entrada": "09:20:46.552", "hora_salida": "21:56:21.426", "tipo_dia": "NORMAL"}}, {"model": "asistencia.asistencia", "pk": 163, "fields": {"empresa": 6, "empleado": 15, "fecha": "2026-03-14", "hora_entrada": "09:20:51.126", "hora_salida": "21:56:27.032", "tipo_dia": "NORMAL"}}, {"model": "asistencia.asistencia", "pk": 164, "fields": {"empresa": 6, "empleado": 16, "fecha": "2026-03-14", "hora_entrada": "09:20:55.143", "hora_salida": "21:56:34.655", "tipo_dia": "NORMAL"}}, {"model": "asistencia.asistencia", "pk": 165, "fields": {"empresa": 6, "empleado": 17, "fecha": "2026-03-14", "hora_entrada": "09:20:59.076", "hora_salida": "21:56:42.784", "tipo_dia": "NORMAL"}}, {"model": "asistencia.asistencia", "pk": 166, "fields": {"empresa": 6, "empleado": 18, "fecha": "2026-03-14", "hora_entrada": "09:21:05.242", "hora_salida": "21:56:47.903", "tipo_dia": "NORMAL"}}, {"model": "asistencia.asistencia", "pk": 167, "fields": {"empresa": 6, "empleado": 19, "fecha": "2026-03-14", "hora_entrada": "09:21:09.284", "hora_salida": "21:56:52.895", "tipo_dia": "NORMAL"}}, {"model": "asistencia.asistencia", "pk": 168, "fields": {"empresa": 6, "empleado": 20, "fecha": "2026-03-14", "hora_entrada": "09:21:13.253", "hora_salida": "21:56:58.151", "tipo_dia": "NORMAL"}}, {"model": "asistencia.asistencia", "pk": 169, "fields": {"empresa": 6, "empleado": 21, "fecha": "2026-03-14", "hora_entrada": "09:21:17.331", "hora_salida": "21:57:03.119", "tipo_dia": "NORMAL"}}, {"model": "asistencia.asistencia", "pk": 170, "fields": {"empresa": 6, "empleado": 22, "fecha": "2026-03-14", "hora_entrada": "09:21:21.059", "hora_salida": "21:57:08.464", "tipo_dia": "NORMAL"}}, {"model": "asistencia.asistencia", "pk": 171, "fields": {"empresa": 6, "empleado": 23, "fecha": "2026-03-14", "hora_entrada": "09:21:24.780", "hora_salida": "21:57:14.896", "tipo_dia": "NORMAL"}}, {"model": "asistencia.asistencia", "pk": 172, "fields": {"empresa": 6, "empleado": 24, "fecha": "2026-03-14", "hora_entrada": "09:21:28.447", "hora_salida": "21:57:19.959", "tipo_dia": "NORMAL"}}, {"model": "asistencia.asistencia", "pk": 173, "fields": {"empresa": 6, "empleado": 25, "fecha": "2026-03-14", "hora_entrada": "09:21:32.191", "hora_salida": "21:57:25.183", "tipo_dia": "NORMAL"}}, {"model": "asistencia.asistencia", "pk": 174, "fields": {"empresa": 6, "empleado": 26, "fecha": "2026-03-14", "hora_entrada": "09:21:35.958", "hora_salida": "21:57:30.086", "tipo_dia": "NORMAL"}}, {"model": "asistencia.asistencia", "pk": 175, "fields": {"empresa": 6, "empleado": 47, "fecha": "2026-03-14", "hora_entrada": "09:21:41.251", "hora_salida": "21:57:35.175", "tipo_dia": "NORMAL"}}, {"model": "asistencia.asistencia", "pk": 176, "fields": {"empresa": 6, "empleado": 27, "fecha": "2026-03-14", "hora_entrada": "09:21:46.034", "hora_salida": "21:57:40.119", "tipo_dia": "NORMAL"}}, {"model": "asistencia.asistencia", "pk": 177, "fields": {"empresa": 6, "empleado": 29, "fecha": "2026-03-14", "hora_entrada": "09:21:49.639", "hora_salida": "21:57:45.220", "tipo_dia": "NORMAL"}}, {"model": "asistencia.asistencia", "pk": 178, "fields": {"empresa": 6, "empleado": 30, "fecha": "2026-03-14", "hora_entrada": "09:21:53.519", "hora_salida": "21:57:50.495", "tipo_dia": "NORMAL"}}, {"model": "asistencia.asistencia", "pk": 179, "fields": {"empresa": 6, "empleado": 31, "fecha": "2026-03-14", "hora_entrada": "09:22:00.597", "hora_salida": "21:57:55.783", "tipo_dia": "NORMAL"}}, {"model": "asistencia.asistencia", "pk": 180, "fields": {"empresa": 6, "empleado": 32, "fecha": "2026-03-14", "hora_entrada": "09:22:05.168", "hora_salida": "21:58:00.904", "tipo_dia": "NORMAL"}}, {"model": "asistencia.asistencia", "pk": 181, "fields": {"empresa": 6, "empleado": 42, "fecha": "2026-03-14", "hora_entrada": "09:22:51.939", "hora_salida": "21:59:55.189", "tipo_dia": "NORMAL"}}, {"model": "asistencia.asistencia", "pk": 182, "fields": {"empresa": 6, "empleado": 43, "fecha": "2026-03-14", "hora_entrada": "09:23:00.457", "hora_salida": "22:00:01.263", "tipo_dia": "NORMAL"}}, {"model": "asistencia.asistencia", "pk": 183, "fields": {"empresa": 6, "empleado": 44, "fecha": "2026-03-14", "hora_entrada": "09:23:04.815", "hora_salida": "22:00:06.615", "tipo_dia": "NORMAL"}}, {"model": "asistencia.asistencia", "pk": 184, "fields": {"empresa": 6, "empleado": 45, "fecha": "2026-03-14", "hora_entrada": "09:23:09.040", "hora_salida": "22:00:11.879", "tipo_dia": "NORMAL"}}, {"model": "asistencia.asistencia", "pk": 185, "fields": {"empresa": 6, "empleado": 52, "fecha": "2026-03-14", "hora_entrada": "09:23:13.784", "hora_salida": "22:00:16.918", "tipo_dia": "NORMAL"}}, {"model": "asistencia.asistencia", "pk": 186, "fields": {"empresa": 6, "empleado": 12, "fecha": "2026-03-14", "hora_entrada": "09:23:50.462", "hora_salida": "21:56:10.056", "tipo_dia": "NORMAL"}}, {"model": "asistencia.asistencia", "pk": 187, "fields": {"empresa": 6, "empleado": 13, "fecha": "2026-03-14", "hora_entrada": "09:23:56.862", "hora_salida": "21:56:15.663", "tipo_dia": "NORMAL"}}, {"model": "asistencia.asistencia", "pk": 188, "fields": {"empresa": 6, "empleado": 6, "fecha": "2026-03-16", "hora_entrada": "08:19:25.983", "hora_salida": null, "tipo_dia": "NORMAL"}}, {"model": "asistencia.asistencia", "pk": 189, "fields": {"empresa": 6, "empleado": 7, "fecha": "2026-03-16", "hora_entrada": "08:19:33.927", "hora_salida": null, "tipo_dia": "NORMAL"}}, {"model": "asistencia.asistencia", "pk": 190, "fields": {"empresa": 6, "empleado": 8, "fecha": "2026-03-16", "hora_entrada": "08:19:38.838", "hora_salida": null, "tipo_dia": "NORMAL"}}, {"model": "asistencia.asistencia", "pk": 191, "fields": {"empresa": 6, "empleado": 9, "fecha": "2026-03-16", "hora_entrada": "08:19:43.939", "hora_salida": null, "tipo_dia": "NORMAL"}}, {"model": "asistencia.asistencia", "pk": 192, "fields": {"empresa": 6, "empleado": 10, "fecha": "2026-03-16", "hora_entrada": "08:19:48.811", "hora_salida": null, "tipo_dia": "NORMAL"}}, {"model": "asistencia.asistencia", "pk": 194, "fields": {"empresa": 6, "empleado": 12, "fecha": "2026-03-16", "hora_entrada": "08:19:58.585", "hora_salida": null, "tipo_dia": "NORMAL"}}, {"model": "asistencia.asistencia", "pk": 195, "fields": {"empresa": 6, "empleado": 13, "fecha": "2026-03-16", "hora_entrada": "08:20:03.440", "hora_salida": null, "tipo_dia": "NORMAL"}}, {"model": "asistencia.asistencia", "pk": 196, "fields": {"empresa": 6, "empleado": 14, "fecha": "2026-03-16", "hora_entrada": "08:20:08.428", "hora_salida": null, "tipo_dia": "NORMAL"}}, {"model": "asistencia.asistencia", "pk": 197, "fields": {"empresa": 6, "empleado": 15, "fecha": "2026-03-16", "hora_entrada": "08:20:13.012", "hora_salida": null, "tipo_dia": "NORMAL"}}, {"model": "asistencia.asistencia", "pk": 198, "fields": {"empresa": 6, "empleado": 16, "fecha": "2026-03-16", "hora_entrada": "08:20:17.348", "hora_salida": null, "tipo_dia": "NORMAL"}}, {"model": "asistencia.asistencia", "pk": 199, "fields": {"empresa": 6, "empleado": 17, "fecha": "2026-03-16", "hora_entrada": "08:20:22.618", "hora_salida": null, "tipo_dia": "NORMAL"}}, {"model": "asistencia.asistencia", "pk": 200, "fields": {"empresa": 6, "empleado": 18, "fecha": "2026-03-16", "hora_entrada": "08:20:26.788", "hora_salida": null, "tipo_dia": "NORMAL"}}, {"model": "asistencia.asistencia", "pk": 201, "fields": {"empresa": 6, "empleado": 19, "fecha": "2026-03-16", "hora_entrada": "08:20:31.755", "hora_salida": null, "tipo_dia": "NORMAL"}}, {"model": "asistencia.asistencia", "pk": 202, "fields": {"empresa": 6, "empleado": 23, "fecha": "2026-03-16", "hora_entrada": "08:20:57.239", "hora_salida": null, "tipo_dia": "NORMAL"}}, {"model": "asistencia.asistencia", "pk": 203, "fields": {"empresa": 6, "empleado": 24, "fecha": "2026-03-16", "hora_entrada": "08:21:03.380", "hora_salida": null, "tipo_dia": "NORMAL"}}, {"model": "asistencia.asistencia", "pk": 204, "fields": {"empresa": 6, "empleado": 25, "fecha": "2026-03-16", "hora_entrada": "08:21:08.427", "hora_salida": null, "tipo_dia": "NORMAL"}}, {"model": "asistencia.asistencia", "pk": 205, "fields": {"empresa": 6, "empleado": 26, "fecha": "2026-03-16", "hora_entrada": "08:21:13.046", "hora_salida": null, "tipo_dia": "NORMAL"}}, {"model": "asistencia.asistencia", "pk": 206, "fields": {"empresa": 6, "empleado": 47, "fecha": "2026-03-16", "hora_entrada": "08:21:19.121", "hora_salida": null, "tipo_dia": "NORMAL"}}, {"model": "asistencia.asistencia", "pk": 207, "fields": {"empresa": 6, "empleado": 27, "fecha": "2026-03-16", "hora_entrada": "08:21:24.046", "hora_salida": null, "tipo_dia": "NORMAL"}}, {"model": "asistencia.asistencia", "pk": 208, "fields": {"empresa": 6, "empleado": 29, "fecha": "2026-03-16", "hora_entrada": "08:21:29.305", "hora_salida": null, "tipo_dia": "NORMAL"}}, {"model": "asistencia.asistencia", "pk": 209, "fields": {"empresa": 6, "empleado": 30, "fecha": "2026-03-16", "hora_entrada": "08:21:33.838", "hora_salida": null, "tipo_dia": "NORMAL"}}, {"model": "asistencia.asistencia", "pk": 210, "fields": {"empresa": 6, "empleado": 31, "fecha": "2026-03-16", "hora_entrada": "08:21:38.332", "hora_salida": null, "tipo_dia": "NORMAL"}}, {"model": "asistencia.asistencia", "pk": 211, "fields": {"empresa": 6, "empleado": 32, "fecha": "2026-03-16", "hora_entrada": "08:21:42.278", "hora_salida": null, "tipo_dia": "NORMAL"}}, {"model": "asistencia.asistencia", "pk": 212, "fields": {"empresa": 6, "empleado": 42, "fecha": "2026-03-16", "hora_entrada": "08:21:48.295", "hora_salida": null, "tipo_dia": "NORMAL"}}, {"model": "asistencia.asistencia", "pk": 213, "fields": {"empresa": 6, "empleado": 43, "fecha": "2026-03-16", "hora_entrada": "08:21:53.308", "hora_salida": null, "tipo_dia": "NORMAL"}}, {"model": "asistencia.asistencia", "pk": 214, "fields": {"empresa": 6, "empleado": 52, "fecha": "2026-03-16", "hora_entrada": "08:22:06.846", "hora_salida": null, "tipo_dia": "NORMAL"}}, {"model": "asistencia.asistencia", "pk": 215, "fields": {"empresa": 6, "empleado": 20, "fecha": "2026-03-16", "hora_entrada": "08:32:16.511", "hora_salida": null, "tipo_dia": "NORMAL"}}, {"model": "asistencia.asistencia", "pk": 216, "fields": {"empresa": 6, "empleado": 21, "fecha": "2026-03-16", "hora_entrada": "08:33:46.152", "hora_salida": null, "tipo_dia": "NORMAL"}}, {"model": "asistencia.asistencia", "pk": 217, "fields": {"empresa": 6, "empleado": 22, "fecha": "2026-03-16", "hora_entrada": "08:33:53.050", "hora_salida": null, "tipo_dia": "NORMAL"}}, {"model": "asistencia.asistencia", "pk": 218, "fields": {"empresa": 6, "empleado": 54, "fecha": "2026-03-16", "hora_entrada": "18:04:35.307", "hora_salida": null, "tipo_dia": "NORMAL"}}, {"model": "asistencia.asistencia", "pk": 219, "fields": {"empresa": 6, "empleado": 54, "fecha": "2026-03-17", "hora_entrada": "21:20:29.962", "hora_salida": null, "tipo_dia": "NORMAL"}}, {"model": "asistencia.asistencia", "pk": 220, "fields": {"empresa": 6, "empleado": 6, "fecha": "2026-03-17", "hora_entrada": "21:40:25.821", "hora_salida": "21:47:37.934", "tipo_dia": "NORMAL"}}, {"model": "asistencia.asistencia", "pk": 221, "fields": {"empresa": 6, "empleado": 54, "fecha": "2026-03-18", "hora_entrada": "09:31:06.792", "hora_salida": "22:18:49.838", "tipo_dia": "NORMAL"}}, {"model": "asistencia.asistencia", "pk": 222, "fields": {"empresa": 6, "empleado": 6, "fecha": "2026-03-18", "hora_entrada": "09:31:13.776", "hora_salida": "22:20:11.846", "tipo_dia": "NORMAL"}}, {"model": "asistencia.asistencia", "pk": 223, "fields": {"empresa": 6, "empleado": 7, "fecha": "2026-03-18", "hora_entrada": "09:31:20.343", "hora_salida": "22:20:17.893", "tipo_dia": "NORMAL"}}, {"model": "asistencia.asistencia", "pk": 224, "fields": {"empresa": 6, "empleado": 8, "fecha": "2026-03-18", "hora_entrada": "09:31:25.535", "hora_salida": "22:20:23.112", "tipo_dia": "NORMAL"}}, {"model": "asistencia.asistencia", "pk": 225, "fields": {"empresa": 6, "empleado": 9, "fecha": "2026-03-18", "hora_entrada": "09:31:30.239", "hora_salida": "22:20:28.358", "tipo_dia": "NORMAL"}}, {"model": "asistencia.asistencia", "pk": 226, "fields": {"empresa": 6, "empleado": 10, "fecha": "2026-03-18", "hora_entrada": "09:31:33.908", "hora_salida": "22:17:02.879", "tipo_dia": "NORMAL"}}, {"model": "asistencia.asistencia", "pk": 228, "fields": {"empresa": 6, "empleado": 14, "fecha": "2026-03-18", "hora_entrada": "09:31:52.692", "hora_salida": "22:12:56.123", "tipo_dia": "NORMAL"}}, {"model": "asistencia.asistencia", "pk": 229, "fields": {"empresa": 6, "empleado": 15, "fecha": "2026-03-18", "hora_entrada": "09:31:58.847", "hora_salida": "22:13:08.894", "tipo_dia": "NORMAL"}}, {"model": "asistencia.asistencia", "pk": 230, "fields": {"empresa": 6, "empleado": 20, "fecha": "2026-03-18", "hora_entrada": "09:32:22.134", "hora_salida": "22:17:21.375", "tipo_dia": "NORMAL"}}, {"model": "asistencia.asistencia", "pk": 231, "fields": {"empresa": 6, "empleado": 21, "fecha": "2026-03-18", "hora_entrada": "09:32:25.852", "hora_salida": "22:17:25.795", "tipo_dia": "NORMAL"}}, {"model": "asistencia.asistencia", "pk": 232, "fields": {"empresa": 6, "empleado": 22, "fecha": "2026-03-18", "hora_entrada": "09:32:29.574", "hora_salida": "22:17:31.140", "tipo_dia": "NORMAL"}}, {"model": "asistencia.asistencia", "pk": 233, "fields": {"empresa": 6, "empleado": 23, "fecha": "2026-03-18", "hora_entrada": "09:32:33.487", "hora_salida": "22:17:37.340", "tipo_dia": "NORMAL"}}, {"model": "asistencia.asistencia", "pk": 234, "fields": {"empresa": 6, "empleado": 24, "fecha": "2026-03-18", "hora_entrada": "09:32:36.956", "hora_salida": "22:17:43.004", "tipo_dia": "NORMAL"}}, {"model": "asistencia.asistencia", "pk": 235, "fields": {"empresa": 6, "empleado": 25, "fecha": "2026-03-18", "hora_entrada": "09:32:40.013", "hora_salida": "22:17:49.122", "tipo_dia": "PERMISO"}}, {"model": "asistencia.asistencia", "pk": 236, "fields": {"empresa": 6, "empleado": 26, "fecha": "2026-03-18", "hora_entrada": "09:32:43.924", "hora_salida": "22:17:54.899", "tipo_dia": "NORMAL"}}, {"model": "asistencia.asistencia", "pk": 237, "fields": {"empresa": 6, "empleado": 47, "fecha": "2026-03-18", "hora_entrada": "09:32:47.659", "hora_salida": "22:18:55.432", "tipo_dia": "NORMAL"}}, {"model": "asistencia.asistencia", "pk": 238, "fields": {"empresa": 6, "empleado": 27, "fecha": "2026-03-18", "hora_entrada": "09:32:50.628", "hora_salida": "22:35:30.165", "tipo_dia": "NORMAL"}}, {"model": "asistencia.asistencia", "pk": 239, "fields": {"empresa": 6, "empleado": 29, "fecha": "2026-03-18", "hora_entrada": "09:32:54.178", "hora_salida": "22:18:03.299", "tipo_dia": "NORMAL"}}, {"model": "asistencia.asistencia", "pk": 240, "fields": {"empresa": 6, "empleado": 30, "fecha": "2026-03-18", "hora_entrada": "09:32:58.362", "hora_salida": "22:18:08.557", "tipo_dia": "NORMAL"}}, {"model": "asistencia.asistencia", "pk": 241, "fields": {"empresa": 6, "empleado": 31, "fecha": "2026-03-18", "hora_entrada": "09:33:01.478", "hora_salida": "22:18:13.667", "tipo_dia": "NORMAL"}}, {"model": "asistencia.asistencia", "pk": 242, "fields": {"empresa": 6, "empleado": 32, "fecha": "2026-03-18", "hora_entrada": "09:33:06.551", "hora_salida": "22:18:18.943", "tipo_dia": "NORMAL"}}, {"model": "asistencia.asistencia", "pk": 243, "fields": {"empresa": 6, "empleado": 42, "fecha": "2026-03-18", "hora_entrada": "09:33:09.580", "hora_salida": "22:18:24.770", "tipo_dia": "NORMAL"}}, {"model": "asistencia.asistencia", "pk": 244, "fields": {"empresa": 6, "empleado": 43, "fecha": "2026-03-18", "hora_entrada": "09:33:13.248", "hora_salida": "22:18:30.361", "tipo_dia": "NORMAL"}}, {"model": "asistencia.asistencia", "pk": 245, "fields": {"empresa": 6, "empleado": 44, "fecha": "2026-03-18", "hora_entrada": "09:33:16.662", "hora_salida": "22:18:35.228", "tipo_dia": "NORMAL"}}, {"model": "asistencia.asistencia", "pk": 246, "fields": {"empresa": 6, "empleado": 45, "fecha": "2026-03-18", "hora_entrada": "09:33:19.827", "hora_salida": "22:18:40.117", "tipo_dia": "NORMAL"}}, {"model": "asistencia.asistencia", "pk": 247, "fields": {"empresa": 6, "empleado": 52, "fecha": "2026-03-18", "hora_entrada": "09:33:23.173", "hora_salida": "22:18:44.643", "tipo_dia": "NORMAL"}}, {"model": "asistencia.asistencia", "pk": 248, "fields": {"empresa": 6, "empleado": 12, "fecha": "2026-03-18", "hora_entrada": "09:33:52.428", "hora_salida": "22:02:22.055", "tipo_dia": "NORMAL"}}, {"model": "asistencia.asistencia", "pk": 249, "fields": {"empresa": 6, "empleado": 13, "fecha": "2026-03-18", "hora_entrada": "09:33:58.660", "hora_salida": "22:20:34.819", "tipo_dia": "NORMAL"}}, {"model": "asistencia.asistencia", "pk": 250, "fields": {"empresa": 6, "empleado": 19, "fecha": "2026-03-18", "hora_entrada": "15:36:51.236", "hora_salida": "22:17:16.352", "tipo_dia": "NORMAL"}}, {"model": "asistencia.asistencia", "pk": 251, "fields": {"empresa": 6, "empleado": 18, "fecha": "2026-03-18", "hora_entrada": "16:09:28.754", "hora_salida": "22:17:10.861", "tipo_dia": "NORMAL"}}, {"model": "asistencia.asistencia", "pk": 252, "fields": {"empresa": 6, "empleado": 8, "fecha": "2026-03-19", "hora_entrada": "21:58:58.028", "hora_salida": null, "tipo_dia": "NORMAL"}}, {"model": "asistencia.asistencia", "pk": 254, "fields": {"empresa": 6, "empleado": 12, "fecha": "2026-03-19", "hora_entrada": "20:44:22.425", "hora_salida": "21:56:10.574", "tipo_dia": "NORMAL"}}, {"model": "asistencia.asistencia", "pk": 255, "fields": {"empresa": 6, "empleado": 13, "fecha": "2026-03-19", "hora_entrada": "20:44:27.951", "hora_salida": "21:56:21.070", "tipo_dia": "NORMAL"}}, {"model": "asistencia.asistencia", "pk": 256, "fields": {"empresa": 6, "empleado": 14, "fecha": "2026-03-19", "hora_entrada": "20:44:33.576", "hora_salida": "21:55:31.454", "tipo_dia": "NORMAL"}}, {"model": "asistencia.asistencia", "pk": 257, "fields": {"empresa": 6, "empleado": 15, "fecha": "2026-03-19", "hora_entrada": "20:44:39.280", "hora_salida": "21:55:36.382", "tipo_dia": "NORMAL"}}, {"model": "asistencia.asistencia", "pk": 258, "fields": {"empresa": 6, "empleado": 16, "fecha": "2026-03-19", "hora_entrada": "20:44:44.658", "hora_salida": "21:55:41.437", "tipo_dia": "NORMAL"}}, {"model": "asistencia.asistencia", "pk": 259, "fields": {"empresa": 6, "empleado": 17, "fecha": "2026-03-19", "hora_entrada": "20:44:50.363", "hora_salida": "21:55:46.496", "tipo_dia": "NORMAL"}}, {"model": "asistencia.asistencia", "pk": 260, "fields": {"empresa": 6, "empleado": 18, "fecha": "2026-03-19", "hora_entrada": "20:44:56.493", "hora_salida": "21:55:51.791", "tipo_dia": "NORMAL"}}, {"model": "asistencia.asistencia", "pk": 261, "fields": {"empresa": 6, "empleado": 19, "fecha": "2026-03-19", "hora_entrada": "20:45:02.632", "hora_salida": "21:55:56.303", "tipo_dia": "NORMAL"}}, {"model": "asistencia.asistencia", "pk": 262, "fields": {"empresa": 6, "empleado": 22, "fecha": "2026-03-19", "hora_entrada": "20:45:08.403", "hora_salida": "21:56:27.949", "tipo_dia": "NORMAL"}}, {"model": "asistencia.asistencia", "pk": 263, "fields": {"empresa": 6, "empleado": 24, "fecha": "2026-03-19", "hora_entrada": "20:45:13.896", "hora_salida": "21:56:34.879", "tipo_dia": "NORMAL"}}, {"model": "asistencia.asistencia", "pk": 264, "fields": {"empresa": 6, "empleado": 25, "fecha": "2026-03-19", "hora_entrada": "20:45:18.788", "hora_salida": "21:56:40.398", "tipo_dia": "NORMAL"}}, {"model": "asistencia.asistencia", "pk": 265, "fields": {"empresa": 6, "empleado": 26, "fecha": "2026-03-19", "hora_entrada": "20:45:23.307", "hora_salida": "21:56:45.694", "tipo_dia": "NORMAL"}}, {"model": "asistencia.asistencia", "pk": 266, "fields": {"empresa": 6, "empleado": 29, "fecha": "2026-03-19", "hora_entrada": "20:45:28.419", "hora_salida": "21:56:51.246", "tipo_dia": "NORMAL"}}, {"model": "asistencia.asistencia", "pk": 267, "fields": {"empresa": 6, "empleado": 30, "fecha": "2026-03-19", "hora_entrada": "20:45:33.805", "hora_salida": "21:57:40.733", "tipo_dia": "NORMAL"}}, {"model": "asistencia.asistencia", "pk": 268, "fields": {"empresa": 6, "empleado": 31, "fecha": "2026-03-19", "hora_entrada": "20:45:38.833", "hora_salida": "21:57:45.230", "tipo_dia": "NORMAL"}}, {"model": "asistencia.asistencia", "pk": 269, "fields": {"empresa": 6, "empleado": 32, "fecha": "2026-03-19", "hora_entrada": "20:45:44.104", "hora_salida": "21:57:49.837", "tipo_dia": "NORMAL"}}, {"model": "asistencia.asistencia", "pk": 270, "fields": {"empresa": 6, "empleado": 42, "fecha": "2026-03-19", "hora_entrada": "20:45:49.074", "hora_salida": "21:57:59.613", "tipo_dia": "NORMAL"}}, {"model": "asistencia.asistencia", "pk": 271, "fields": {"empresa": 6, "empleado": 44, "fecha": "2026-03-19", "hora_entrada": "20:45:54.072", "hora_salida": "20:45:59.482", "tipo_dia": "NORMAL"}}, {"model": "asistencia.asistencia", "pk": 272, "fields": {"empresa": 6, "empleado": 45, "fecha": "2026-03-19", "hora_entrada": "20:46:04.809", "hora_salida": "21:58:15.470", "tipo_dia": "NORMAL"}}, {"model": "asistencia.asistencia", "pk": 273, "fields": {"empresa": 6, "empleado": 47, "fecha": "2026-03-19", "hora_entrada": "20:46:10.990", "hora_salida": "21:58:20.542", "tipo_dia": "NORMAL"}}, {"model": "asistencia.asistencia", "pk": 274, "fields": {"empresa": 6, "empleado": 52, "fecha": "2026-03-19", "hora_entrada": "20:46:16.283", "hora_salida": "21:58:25.534", "tipo_dia": "NORMAL"}}, {"model": "asistencia.asistencia", "pk": 275, "fields": {"empresa": 6, "empleado": 54, "fecha": "2026-03-19", "hora_entrada": "20:46:20.824", "hora_salida": "21:58:30.510", "tipo_dia": "NORMAL"}}, {"model": "asistencia.asistencia", "pk": 276, "fields": {"empresa": 6, "empleado": 10, "fecha": "2026-03-19", "hora_entrada": "21:59:44.381", "hora_salida": null, "tipo_dia": "NORMAL"}}, {"model": "asistencia.asistencia", "pk": 277, "fields": {"empresa": 6, "empleado": 20, "fecha": "2026-03-19", "hora_entrada": "20:47:43.413", "hora_salida": "21:56:01.054", "tipo_dia": "NORMAL"}}, {"model": "asistencia.asistencia", "pk": 278, "fields": {"empresa": 6, "empleado": 43, "fecha": "2026-03-19", "hora_entrada": "20:47:48.316", "hora_salida": "21:58:08.790", "tipo_dia": "NORMAL"}}, {"model": "asistencia.asistencia", "pk": 279, "fields": {"empresa": 6, "empleado": 9, "fecha": "2026-03-19", "hora_entrada": "21:55:11.534", "hora_salida": null, "tipo_dia": "NORMAL"}}, {"model": "asistencia.asistencia", "pk": 280, "fields": {"empresa": 6, "empleado": 54, "fecha": "2026-03-20", "hora_entrada": "11:19:35.623", "hora_salida": "11:24:25.644", "tipo_dia": "NORMAL"}}, {"model": "asistencia.asistencia", "pk": 281, "fields": {"empresa": 6, "empleado": 6, "fecha": "2026-03-20", "hora_entrada": "14:43:11.903", "hora_salida": "16:08:54.040", "tipo_dia": "NORMAL"}}, {"model": "asistencia.asistencia", "pk": 282, "fields": {"empresa": 6, "empleado": 6, "fecha": "2026-03-21", "hora_entrada": "20:17:18.960", "hora_salida": "20:24:36.619", "tipo_dia": "NORMAL"}}, {"model": "asistencia.asistencia", "pk": 283, "fields": {"empresa": 6, "empleado": 7, "fecha": "2026-03-21", "hora_entrada": "20:27:36.424", "hora_salida": "20:27:53.971", "tipo_dia": "NORMAL"}}, {"model": "asistencia.asistencia", "pk": 284, "fields": {"empresa": 6, "empleado": 8, "fecha": "2026-03-21", "hora_entrada": "20:39:57.048", "hora_salida": null, "tipo_dia": "NORMAL"}}, {"model": "asistencia.asistencia", "pk": 285, "fields": {"empresa": 6, "empleado": 9, "fecha": "2026-03-21", "hora_entrada": "20:55:19.493", "hora_salida": "20:55:50.411", "tipo_dia": "NORMAL"}}, {"model": "asistencia.asistencia", "pk": 286, "fields": {"empresa": 6, "empleado": 10, "fecha": "2026-03-21", "hora_entrada": "21:08:58.769", "hora_salida": "21:14:35.923", "tipo_dia": "NORMAL"}}, {"model": "asistencia.asistencia", "pk": 288, "fields": {"empresa": 6, "empleado": 14, "fecha": "2026-03-21", "hora_entrada": "22:41:39.148", "hora_salida": null, "tipo_dia": "NORMAL"}}, {"model": "asistencia.asistencia", "pk": 289, "fields": {"empresa": 6, "empleado": 6, "fecha": "2026-03-22", "hora_entrada": "10:02:38.402", "hora_salida": "14:15:24.910", "tipo_dia": "NORMAL"}}, {"model": "asistencia.asistencia", "pk": 290, "fields": {"empresa": 6, "empleado": 7, "fecha": "2026-03-22", "hora_entrada": "10:25:20.917", "hora_salida": null, "tipo_dia": "NORMAL"}}, {"model": "asistencia.asistencia", "pk": 291, "fields": {"empresa": 6, "empleado": 6, "fecha": "2026-03-24", "hora_entrada": "14:54:30.937", "hora_salida": "14:55:36.885", "tipo_dia": "NORMAL"}}, {"model": "asistencia.asistencia", "pk": 292, "fields": {"empresa": 6, "empleado": 7, "fecha": "2026-03-24", "hora_entrada": "14:54:37.131", "hora_salida": "14:55:41.387", "tipo_dia": "NORMAL"}}, {"model": "asistencia.asistencia", "pk": 293, "fields": {"empresa": 6, "empleado": 8, "fecha": "2026-03-24", "hora_entrada": "14:54:41.692", "hora_salida": "14:55:45.520", "tipo_dia": "NORMAL"}}, {"model": "asistencia.asistencia", "pk": 294, "fields": {"empresa": 6, "empleado": 9, "fecha": "2026-03-24", "hora_entrada": "14:54:46.269", "hora_salida": "14:55:49.594", "tipo_dia": "NORMAL"}}, {"model": "asistencia.asistencia", "pk": 295, "fields": {"empresa": 6, "empleado": 10, "fecha": "2026-03-24", "hora_entrada": "14:54:50.827", "hora_salida": "14:55:53.596", "tipo_dia": "NORMAL"}}, {"model": "asistencia.asistencia", "pk": 297, "fields": {"empresa": 6, "empleado": 14, "fecha": "2026-03-24", "hora_entrada": "14:55:04.347", "hora_salida": "14:56:05.939", "tipo_dia": "NORMAL"}}, {"model": "asistencia.asistencia", "pk": 298, "fields": {"empresa": 6, "empleado": 15, "fecha": "2026-03-24", "hora_entrada": "14:55:09.547", "hora_salida": "14:56:10.231", "tipo_dia": "NORMAL"}}, {"model": "asistencia.asistencia", "pk": 299, "fields": {"empresa": 6, "empleado": 16, "fecha": "2026-03-24", "hora_entrada": "14:55:13.708", "hora_salida": "14:56:14.229", "tipo_dia": "NORMAL"}}, {"model": "asistencia.asistencia", "pk": 300, "fields": {"empresa": 6, "empleado": 12, "fecha": "2026-03-24", "hora_entrada": "14:55:22.896", "hora_salida": "14:56:18.602", "tipo_dia": "NORMAL"}}, {"model": "asistencia.asistencia", "pk": 301, "fields": {"empresa": 6, "empleado": 13, "fecha": "2026-03-24", "hora_entrada": "14:55:27.808", "hora_salida": "14:56:23.198", "tipo_dia": "NORMAL"}}, {"model": "asistencia.asistencia", "pk": 302, "fields": {"empresa": 6, "empleado": 17, "fecha": "2026-03-24", "hora_entrada": "14:59:42.526", "hora_salida": null, "tipo_dia": "NORMAL"}}, {"model": "asistencia.asistencia", "pk": 303, "fields": {"empresa": 6, "empleado": 18, "fecha": "2026-03-24", "hora_entrada": "14:59:47.167", "hora_salida": null, "tipo_dia": "NORMAL"}}, {"model": "asistencia.asistencia", "pk": 304, "fields": {"empresa": 6, "empleado": 19, "fecha": "2026-03-24", "hora_entrada": "14:59:51.255", "hora_salida": null, "tipo_dia": "NORMAL"}}, {"model": "asistencia.asistencia", "pk": 305, "fields": {"empresa": 6, "empleado": 20, "fecha": "2026-03-24", "hora_entrada": "14:59:55.195", "hora_salida": null, "tipo_dia": "NORMAL"}}, {"model": "asistencia.asistencia", "pk": 306, "fields": {"empresa": 6, "empleado": 21, "fecha": "2026-03-24", "hora_entrada": "14:59:59.449", "hora_salida": null, "tipo_dia": "NORMAL"}}, {"model": "asistencia.asistencia", "pk": 307, "fields": {"empresa": 6, "empleado": 22, "fecha": "2026-03-24", "hora_entrada": "15:00:03.262", "hora_salida": null, "tipo_dia": "NORMAL"}}, {"model": "asistencia.asistencia", "pk": 308, "fields": {"empresa": 6, "empleado": 23, "fecha": "2026-03-24", "hora_entrada": "15:00:07.434", "hora_salida": null, "tipo_dia": "NORMAL"}}, {"model": "asistencia.asistencia", "pk": 309, "fields": {"empresa": 6, "empleado": 54, "fecha": "2026-03-28", "hora_entrada": "11:26:43.231", "hora_salida": null, "tipo_dia": "NORMAL"}}, {"model": "asistencia.asistencia", "pk": 310, "fields": {"empresa": 6, "empleado": 52, "fecha": "2026-03-28", "hora_entrada": "11:26:51.473", "hora_salida": null, "tipo_dia": "NORMAL"}}, {"model": "asistencia.asistencia", "pk": 311, "fields": {"empresa": 6, "empleado": 43, "fecha": "2026-03-28", "hora_entrada": "11:26:58.418", "hora_salida": null, "tipo_dia": "NORMAL"}}, {"model": "asistencia.asistencia", "pk": 312, "fields": {"empresa": 6, "empleado": 29, "fecha": "2026-03-28", "hora_entrada": "11:27:04.520", "hora_salida": null, "tipo_dia": "NORMAL"}}, {"model": "asistencia.asistencia", "pk": 313, "fields": {"empresa": 6, "empleado": 14, "fecha": "2026-03-28", "hora_entrada": "11:27:10.802", "hora_salida": null, "tipo_dia": "NORMAL"}}, {"model": "asistencia.asistencia", "pk": 314, "fields": {"empresa": 6, "empleado": 6, "fecha": "2026-03-28", "hora_entrada": "13:32:06.489", "hora_salida": null, "tipo_dia": "NORMAL"}}, {"model": "asistencia.asistencia", "pk": 315, "fields": {"empresa": 6, "empleado": 7, "fecha": "2026-03-28", "hora_entrada": "13:32:13.328", "hora_salida": null, "tipo_dia": "NORMAL"}}, {"model": "asistencia.asistencia", "pk": 316, "fields": {"empresa": 6, "empleado": 8, "fecha": "2026-03-28", "hora_entrada": "13:32:21.905", "hora_salida": null, "tipo_dia": "NORMAL"}}, {"model": "asistencia.asistencia", "pk": 317, "fields": {"empresa": 6, "empleado": 9, "fecha": "2026-03-28", "hora_entrada": "13:32:31.568", "hora_salida": null, "tipo_dia": "NORMAL"}}, {"model": "asistencia.asistencia", "pk": 318, "fields": {"empresa": 6, "empleado": 10, "fecha": "2026-03-28", "hora_entrada": "13:32:36.308", "hora_salida": null, "tipo_dia": "NORMAL"}}, {"model": "asistencia.asistencia", "pk": 320, "fields": {"empresa": 6, "empleado": 15, "fecha": "2026-03-28", "hora_entrada": "13:32:54.207", "hora_salida": null, "tipo_dia": "NORMAL"}}, {"model": "asistencia.asistencia", "pk": 321, "fields": {"empresa": 6, "empleado": 19, "fecha": "2026-03-28", "hora_entrada": "13:33:12.661", "hora_salida": null, "tipo_dia": "NORMAL"}}, {"model": "asistencia.asistencia", "pk": 322, "fields": {"empresa": 6, "empleado": 20, "fecha": "2026-03-28", "hora_entrada": "13:33:22.099", "hora_salida": null, "tipo_dia": "NORMAL"}}, {"model": "asistencia.asistencia", "pk": 323, "fields": {"empresa": 6, "empleado": 21, "fecha": "2026-03-28", "hora_entrada": "13:33:26.520", "hora_salida": null, "tipo_dia": "NORMAL"}}, {"model": "asistencia.asistencia", "pk": 324, "fields": {"empresa": 6, "empleado": 22, "fecha": "2026-03-28", "hora_entrada": "13:33:30.711", "hora_salida": null, "tipo_dia": "NORMAL"}}, {"model": "asistencia.asistencia", "pk": 325, "fields": {"empresa": 6, "empleado": 23, "fecha": "2026-03-28", "hora_entrada": "13:33:34.614", "hora_salida": null, "tipo_dia": "NORMAL"}}, {"model": "asistencia.asistencia", "pk": 326, "fields": {"empresa": 6, "empleado": 24, "fecha": "2026-03-28", "hora_entrada": "13:33:39.395", "hora_salida": null, "tipo_dia": "NORMAL"}}, {"model": "asistencia.asistencia", "pk": 327, "fields": {"empresa": 6, "empleado": 25, "fecha": "2026-03-28", "hora_entrada": "13:33:43.221", "hora_salida": null, "tipo_dia": "NORMAL"}}, {"model": "asistencia.asistencia", "pk": 328, "fields": {"empresa": 6, "empleado": 26, "fecha": "2026-03-28", "hora_entrada": "13:33:48.598", "hora_salida": null, "tipo_dia": "NORMAL"}}, {"model": "asistencia.asistencia", "pk": 329, "fields": {"empresa": 6, "empleado": 47, "fecha": "2026-03-28", "hora_entrada": "13:33:53.587", "hora_salida": null, "tipo_dia": "NORMAL"}}, {"model": "asistencia.asistencia", "pk": 330, "fields": {"empresa": 6, "empleado": 27, "fecha": "2026-03-28", "hora_entrada": "13:33:59.005", "hora_salida": null, "tipo_dia": "NORMAL"}}, {"model": "asistencia.asistencia", "pk": 331, "fields": {"empresa": 6, "empleado": 30, "fecha": "2026-03-28", "hora_entrada": "13:34:03.316", "hora_salida": null, "tipo_dia": "NORMAL"}}, {"model": "asistencia.asistencia", "pk": 332, "fields": {"empresa": 6, "empleado": 31, "fecha": "2026-03-28", "hora_entrada": "13:34:09.141", "hora_salida": null, "tipo_dia": "NORMAL"}}, {"model": "asistencia.asistencia", "pk": 333, "fields": {"empresa": 6, "empleado": 32, "fecha": "2026-03-28", "hora_entrada": "13:34:13.637", "hora_salida": null, "tipo_dia": "NORMAL"}}, {"model": "asistencia.asistencia", "pk": 334, "fields": {"empresa": 6, "empleado": 42, "fecha": "2026-03-28", "hora_entrada": "13:35:13.987", "hora_salida": null, "tipo_dia": "NORMAL"}}, {"model": "asistencia.asistencia", "pk": 335, "fields": {"empresa": 6, "empleado": 44, "fecha": "2026-03-28", "hora_entrada": "13:35:24.309", "hora_salida": null, "tipo_dia": "NORMAL"}}, {"model": "asistencia.asistencia", "pk": 336, "fields": {"empresa": 6, "empleado": 45, "fecha": "2026-03-28", "hora_entrada": "13:35:29.371", "hora_salida": null, "tipo_dia": "NORMAL"}}, {"model": "asistencia.asistencia", "pk": 337, "fields": {"empresa": 6, "empleado": 12, "fecha": "2026-03-28", "hora_entrada": "13:35:59.488", "hora_salida": null, "tipo_dia": "NORMAL"}}, {"model": "asistencia.asistencia", "pk": 338, "fields": {"empresa": 6, "empleado": 13, "fecha": "2026-03-28", "hora_entrada": "13:36:05.111", "hora_salida": null, "tipo_dia": "NORMAL"}}, {"model": "asistencia.asistencia", "pk": 339, "fields": {"empresa": 6, "empleado": 16, "fecha": "2026-03-28", "hora_entrada": "13:38:47.646", "hora_salida": null, "tipo_dia": "NORMAL"}}, {"model": "asistencia.asistencia", "pk": 340, "fields": {"empresa": 6, "empleado": 17, "fecha": "2026-03-28", "hora_entrada": "13:38:53.396", "hora_salida": null, "tipo_dia": "NORMAL"}}, {"model": "asistencia.asistencia", "pk": 341, "fields": {"empresa": 6, "empleado": 18, "fecha": "2026-03-28", "hora_entrada": "13:38:58.098", "hora_salida": null, "tipo_dia": "NORMAL"}}, {"model": "asistencia.asistencia", "pk": 342, "fields": {"empresa": 9, "empleado": 58, "fecha": "2026-04-03", "hora_entrada": "09:12:34.924", "hora_salida": null, "tipo_dia": "NORMAL"}}, {"model": "asistencia.asistencia", "pk": 343, "fields": {"empresa": 9, "empleado": 59, "fecha": "2026-04-03", "hora_entrada": "09:12:42.263", "hora_salida": null, "tipo_dia": "NORMAL"}}, {"model": "asistencia.asistencia", "pk": 344, "fields": {"empresa": 9, "empleado": 60, "fecha": "2026-04-03", "hora_entrada": "09:12:47.327", "hora_salida": null, "tipo_dia": "NORMAL"}}, {"model": "asistencia.asistencia", "pk": 345, "fields": {"empresa": 9, "empleado": 61, "fecha": "2026-04-03", "hora_entrada": "09:12:52.011", "hora_salida": null, "tipo_dia": "NORMAL"}}, {"model": "asistencia.asistencia", "pk": 346, "fields": {"empresa": 9, "empleado": 62, "fecha": "2026-04-03", "hora_entrada": "09:12:56.735", "hora_salida": null, "tipo_dia": "NORMAL"}}, {"model": "asistencia.asistencia", "pk": 347, "fields": {"empresa": 6, "empleado": 6, "fecha": "2026-04-10", "hora_entrada": "22:20:32.587", "hora_salida": null, "tipo_dia": "NORMAL"}}, {"model": "asistencia.asistencia", "pk": 348, "fields": {"empresa": 6, "empleado": 6, "fecha": "2026-04-11", "hora_entrada": "00:05:09.034", "hora_salida": "00:19:33.836", "tipo_dia": "NORMAL"}}, {"model": "asistencia.asistencia", "pk": 349, "fields": {"empresa": 6, "empleado": 7, "fecha": "2026-04-11", "hora_entrada": "00:21:45.993", "hora_salida": "08:56:35.266", "tipo_dia": "NORMAL"}}, {"model": "asistencia.asistencia", "pk": 350, "fields": {"empresa": 6, "empleado": 29, "fecha": "2026-04-11", "hora_entrada": "08:55:01.171", "hora_salida": "13:28:35.960", "tipo_dia": "NORMAL"}}, {"model": "asistencia.asistencia", "pk": 351, "fields": {"empresa": 6, "empleado": 30, "fecha": "2026-04-11", "hora_entrada": "08:55:08.722", "hora_salida": "13:28:41.688", "tipo_dia": "NORMAL"}}, {"model": "asistencia.asistencia", "pk": 352, "fields": {"empresa": 6, "empleado": 27, "fecha": "2026-04-11", "hora_entrada": "08:55:19.335", "hora_salida": "13:28:30.198", "tipo_dia": "NORMAL"}}, {"model": "asistencia.asistencia", "pk": 353, "fields": {"empresa": 6, "empleado": 31, "fecha": "2026-04-11", "hora_entrada": "08:55:24.825", "hora_salida": "13:28:46.733", "tipo_dia": "NORMAL"}}, {"model": "asistencia.asistencia", "pk": 354, "fields": {"empresa": 6, "empleado": 10, "fecha": "2026-04-11", "hora_entrada": "13:23:30.301", "hora_salida": "13:28:23.502", "tipo_dia": "NORMAL"}}, {"model": "asistencia.tiempoextra", "pk": 1, "fields": {"empleado": 25, "asistencia": 18, "fecha": "2026-03-04", "hora_inicio": "18:46:31.977", "hora_fin": "20:16:42.849", "horas": null}}, {"model": "asistencia.tiempoextra", "pk": 2, "fields": {"empleado": 26, "asistencia": 19, "fecha": "2026-03-04", "hora_inicio": "18:46:41.563", "hora_fin": "20:16:51.697", "horas": null}}, {"model": "asistencia.tiempoextra", "pk": 4, "fields": {"empleado": 12, "asistencia": 143, "fecha": "2026-03-12", "hora_inicio": "16:52:31.598", "hora_fin": "22:40:33.153", "horas": null}}, {"model": "asistencia.tiempoextra", "pk": 5, "fields": {"empleado": 18, "asistencia": 200, "fecha": "2026-03-16", "hora_inicio": "08:31:55.358", "hora_fin": "12:25:58.308", "horas": null}}, {"model": "asistencia.tiempoextra", "pk": 6, "fields": {"empleado": 19, "asistencia": 201, "fecha": "2026-03-16", "hora_inicio": "08:32:08.767", "hora_fin": "12:26:09.340", "horas": null}}, {"model": "asistencia.tiempoextra", "pk": 7, "fields": {"empleado": 20, "asistencia": 215, "fecha": "2026-03-16", "hora_inicio": "08:32:16.511", "hora_fin": "12:26:17.453", "horas": null}}, {"model": "asistencia.tiempoextra", "pk": 8, "fields": {"empleado": 22, "asistencia": 262, "fecha": "2026-03-19", "hora_inicio": "21:31:10.672", "hora_fin": "21:33:03.484", "horas": null}}, {"model": "asistencia.tiempoextra", "pk": 9, "fields": {"empleado": 24, "asistencia": 263, "fecha": "2026-03-19", "hora_inicio": "21:31:32.206", "hora_fin": "21:33:12.105", "horas": null}}, {"model": "asistencia.tiempoextra", "pk": 10, "fields": {"empleado": 6, "asistencia": 281, "fecha": "2026-03-20", "hora_inicio": "16:17:07.303", "hora_fin": "16:25:08.256", "horas": null}}, {"model": "asistencia.tiempoextra", "pk": 11, "fields": {"empleado": 6, "asistencia": 57, "fecha": "2026-03-23", "hora_inicio": "20:43:13", "hora_fin": "20:43:36", "horas": 0.0}}, {"model": "asistencia.tiempoextra", "pk": 12, "fields": {"empleado": 27, "asistencia": 330, "fecha": "2026-03-28", "hora_inicio": "13:40:06.090", "hora_fin": "15:14:14.452", "horas": 1.0}}, {"model": "asistencia.tiempoextra", "pk": 13, "fields": {"empleado": 6, "asistencia": 347, "fecha": "2026-04-10", "hora_inicio": "22:21:01.525", "hora_fin": null, "horas": 0.0}}, {"model": "asistencia.movimiento", "pk": 1, "fields": {"asistencia": 58, "tipo": "SALIDA_PERMISO", "fecha": "2026-01-01", "hora": "00:00:00", "creado": "2026-03-20T22:08:04.088Z"}}, {"model": "asistencia.movimiento", "pk": 3, "fields": {"asistencia": 62, "tipo": "SALIDA_PERMISO", "fecha": "2026-01-01", "hora": "00:00:00", "creado": "2026-03-20T22:08:04.088Z"}}, {"model": "asistencia.movimiento", "pk": 4, "fields": {"asistencia": 63, "tipo": "SALIDA_PERMISO", "fecha": "2026-01-01", "hora": "00:00:00", "creado": "2026-03-20T22:08:04.088Z"}}, {"model": "asistencia.movimiento", "pk": 5, "fields": {"asistencia": 86, "tipo": "SALIDA_PERMISO", "fecha": "2026-01-01", "hora": "00:00:00", "creado": "2026-03-20T22:08:04.088Z"}}, {"model": "asistencia.movimiento", "pk": 7, "fields": {"asistencia": 86, "tipo": "REGRESO", "fecha": "2026-01-01", "hora": "00:00:00", "creado": "2026-03-20T22:08:04.088Z"}}, {"model": "asistencia.movimiento", "pk": 9, "fields": {"asistencia": 117, "tipo": "SALIDA_PERMISO", "fecha": "2026-01-01", "hora": "00:00:00", "creado": "2026-03-20T22:08:04.088Z"}}, {"model": "asistencia.movimiento", "pk": 10, "fields": {"asistencia": 118, "tipo": "SALIDA_PERMISO", "fecha": "2026-01-01", "hora": "00:00:00", "creado": "2026-03-20T22:08:04.088Z"}}, {"model": "asistencia.movimiento", "pk": 11, "fields": {"asistencia": 118, "tipo": "REGRESO", "fecha": "2026-01-01", "hora": "00:00:00", "creado": "2026-03-20T22:08:04.088Z"}}, {"model": "asistencia.movimiento", "pk": 12, "fields": {"asistencia": 197, "tipo": "SALIDA_PERMISO", "fecha": "2026-01-01", "hora": "00:00:00", "creado": "2026-03-20T22:08:04.088Z"}}, {"model": "asistencia.movimiento", "pk": 13, "fields": {"asistencia": 198, "tipo": "SALIDA_PERMISO", "fecha": "2026-01-01", "hora": "00:00:00", "creado": "2026-03-20T22:08:04.088Z"}}, {"model": "asistencia.movimiento", "pk": 14, "fields": {"asistencia": 199, "tipo": "SALIDA_PERMISO", "fecha": "2026-01-01", "hora": "00:00:00", "creado": "2026-03-20T22:08:04.088Z"}}, {"model": "asistencia.movimiento", "pk": 15, "fields": {"asistencia": 197, "tipo": "REGRESO", "fecha": "2026-01-01", "hora": "00:00:00", "creado": "2026-03-20T22:08:04.088Z"}}, {"model": "asistencia.movimiento", "pk": 16, "fields": {"asistencia": 198, "tipo": "REGRESO", "fecha": "2026-01-01", "hora": "00:00:00", "creado": "2026-03-20T22:08:04.088Z"}}, {"model": "asistencia.movimiento", "pk": 17, "fields": {"asistencia": 199, "tipo": "REGRESO", "fecha": "2026-01-01", "hora": "00:00:00", "creado": "2026-03-20T22:08:04.088Z"}}, {"model": "asistencia.movimiento", "pk": 18, "fields": {"asistencia": 189, "tipo": "SALIDA_PERMISO", "fecha": "2026-01-01", "hora": "00:00:00", "creado": "2026-03-20T22:08:04.088Z"}}, {"model": "asistencia.movimiento", "pk": 19, "fields": {"asistencia": 205, "tipo": "SALIDA_PERMISO", "fecha": "2026-01-01", "hora": "00:00:00", "creado": "2026-03-20T22:08:04.088Z"}}, {"model": "asistencia.movimiento", "pk": 20, "fields": {"asistencia": 206, "tipo": "SALIDA_PERMISO", "fecha": "2026-01-01", "hora": "00:00:00", "creado": "2026-03-20T22:08:04.088Z"}}, {"model": "asistencia.movimiento", "pk": 21, "fields": {"asistencia": 212, "tipo": "SALIDA_PERMISO", "fecha": "2026-01-01", "hora": "00:00:00", "creado": "2026-03-20T22:08:04.088Z"}}, {"model": "asistencia.movimiento", "pk": 23, "fields": {"asistencia": 194, "tipo": "SALIDA_PERMISO", "fecha": "2026-01-01", "hora": "00:00:00", "creado": "2026-03-20T22:08:04.088Z"}}, {"model": "asistencia.movimiento", "pk": 24, "fields": {"asistencia": 195, "tipo": "SALIDA_PERMISO", "fecha": "2026-01-01", "hora": "00:00:00", "creado": "2026-03-20T22:08:04.088Z"}}, {"model": "asistencia.movimiento", "pk": 25, "fields": {"asistencia": 195, "tipo": "REGRESO", "fecha": "2026-01-01", "hora": "00:00:00", "creado": "2026-03-20T22:08:04.088Z"}}, {"model": "asistencia.movimiento", "pk": 26, "fields": {"asistencia": 196, "tipo": "SALIDA_PERMISO", "fecha": "2026-01-01", "hora": "00:00:00", "creado": "2026-03-20T22:08:04.088Z"}}, {"model": "asistencia.movimiento", "pk": 27, "fields": {"asistencia": 197, "tipo": "SALIDA_PERMISO", "fecha": "2026-01-01", "hora": "00:00:00", "creado": "2026-03-20T22:08:04.088Z"}}, {"model": "asistencia.movimiento", "pk": 28, "fields": {"asistencia": 219, "tipo": "SALIDA_PERMISO", "fecha": "2026-01-01", "hora": "00:00:00", "creado": "2026-03-20T22:08:04.088Z"}}, {"model": "asistencia.movimiento", "pk": 29, "fields": {"asistencia": 219, "tipo": "REGRESO", "fecha": "2026-01-01", "hora": "00:00:00", "creado": "2026-03-20T22:08:04.088Z"}}, {"model": "asistencia.movimiento", "pk": 30, "fields": {"asistencia": 219, "tipo": "SALIDA_PERMISO", "fecha": "2026-01-01", "hora": "00:00:00", "creado": "2026-03-20T22:08:04.088Z"}}, {"model": "asistencia.movimiento", "pk": 31, "fields": {"asistencia": 220, "tipo": "SALIDA_PERMISO", "fecha": "2026-01-01", "hora": "00:00:00", "creado": "2026-03-20T22:08:04.088Z"}}, {"model": "asistencia.movimiento", "pk": 32, "fields": {"asistencia": 220, "tipo": "REGRESO", "fecha": "2026-01-01", "hora": "00:00:00", "creado": "2026-03-20T22:08:04.088Z"}}, {"model": "asistencia.movimiento", "pk": 33, "fields": {"asistencia": 222, "tipo": "SALIDA_PERMISO", "fecha": "2026-03-18", "hora": "17:05:09.413", "creado": "2026-03-20T22:08:04.088Z"}}, {"model": "asistencia.movimiento", "pk": 34, "fields": {"asistencia": 222, "tipo": "REGRESO", "fecha": "2026-03-18", "hora": "17:06:11.654", "creado": "2026-03-20T22:08:04.088Z"}}, {"model": "asistencia.movimiento", "pk": 35, "fields": {"asistencia": 222, "tipo": "REGRESO", "fecha": "2026-03-18", "hora": "17:07:33.974", "creado": "2026-03-20T22:08:04.088Z"}}, {"model": "asistencia.movimiento", "pk": 36, "fields": {"asistencia": 222, "tipo": "REGRESO", "fecha": "2026-03-18", "hora": "17:07:45.117", "creado": "2026-03-20T22:08:04.088Z"}}, {"model": "asistencia.movimiento", "pk": 37, "fields": {"asistencia": 226, "tipo": "SALIDA_PERMISO", "fecha": "2026-03-18", "hora": "21:29:24.431", "creado": "2026-03-20T22:08:04.088Z"}}, {"model": "asistencia.movimiento", "pk": 39, "fields": {"asistencia": 248, "tipo": "SALIDA", "fecha": "2026-03-18", "hora": "22:02:22.055", "creado": "2026-03-20T22:08:04.088Z"}}, {"model": "asistencia.movimiento", "pk": 40, "fields": {"asistencia": 238, "tipo": "SALIDA", "fecha": "2026-03-18", "hora": "22:35:30.165", "creado": "2026-03-20T22:08:04.088Z"}}, {"model": "asistencia.movimiento", "pk": 41, "fields": {"asistencia": 271, "tipo": "SALIDA", "fecha": "2026-03-19", "hora": "20:45:59.482", "creado": "2026-03-20T22:08:04.088Z"}}, {"model": "asistencia.movimiento", "pk": 42, "fields": {"asistencia": 252, "tipo": "SALIDA", "fecha": "2026-03-19", "hora": "21:55:03.645", "creado": "2026-03-20T22:08:04.088Z"}}, {"model": "asistencia.movimiento", "pk": 43, "fields": {"asistencia": 276, "tipo": "SALIDA", "fecha": "2026-03-19", "hora": "21:55:16.238", "creado": "2026-03-20T22:08:04.088Z"}}, {"model": "asistencia.movimiento", "pk": 45, "fields": {"asistencia": 256, "tipo": "SALIDA", "fecha": "2026-03-19", "hora": "21:55:31.454", "creado": "2026-03-20T22:08:04.088Z"}}, {"model": "asistencia.movimiento", "pk": 46, "fields": {"asistencia": 257, "tipo": "SALIDA", "fecha": "2026-03-19", "hora": "21:55:36.382", "creado": "2026-03-20T22:08:04.088Z"}}, {"model": "asistencia.movimiento", "pk": 47, "fields": {"asistencia": 258, "tipo": "SALIDA", "fecha": "2026-03-19", "hora": "21:55:41.437", "creado": "2026-03-20T22:08:04.088Z"}}, {"model": "asistencia.movimiento", "pk": 48, "fields": {"asistencia": 259, "tipo": "SALIDA", "fecha": "2026-03-19", "hora": "21:55:46.496", "creado": "2026-03-20T22:08:04.088Z"}}, {"model": "asistencia.movimiento", "pk": 49, "fields": {"asistencia": 260, "tipo": "SALIDA", "fecha": "2026-03-19", "hora": "21:55:51.791", "creado": "2026-03-20T22:08:04.088Z"}}, {"model": "asistencia.movimiento", "pk": 50, "fields": {"asistencia": 261, "tipo": "SALIDA", "fecha": "2026-03-19", "hora": "21:55:56.303", "creado": "2026-03-20T22:08:04.088Z"}}, {"model": "asistencia.movimiento", "pk": 51, "fields": {"asistencia": 277, "tipo": "SALIDA", "fecha": "2026-03-19", "hora": "21:56:01.054", "creado": "2026-03-20T22:08:04.088Z"}}, {"model": "asistencia.movimiento", "pk": 52, "fields": {"asistencia": 254, "tipo": "SALIDA", "fecha": "2026-03-19", "hora": "21:56:10.574", "creado": "2026-03-20T22:08:04.088Z"}}, {"model": "asistencia.movimiento", "pk": 53, "fields": {"asistencia": 255, "tipo": "SALIDA", "fecha": "2026-03-19", "hora": "21:56:21.070", "creado": "2026-03-20T22:08:04.088Z"}}, {"model": "asistencia.movimiento", "pk": 54, "fields": {"asistencia": 262, "tipo": "SALIDA", "fecha": "2026-03-19", "hora": "21:56:27.949", "creado": "2026-03-20T22:08:04.088Z"}}, {"model": "asistencia.movimiento", "pk": 55, "fields": {"asistencia": 263, "tipo": "SALIDA", "fecha": "2026-03-19", "hora": "21:56:34.879", "creado": "2026-03-20T22:08:04.088Z"}}, {"model": "asistencia.movimiento", "pk": 56, "fields": {"asistencia": 264, "tipo": "SALIDA", "fecha": "2026-03-19", "hora": "21:56:40.398", "creado": "2026-03-20T22:08:04.088Z"}}, {"model": "asistencia.movimiento", "pk": 57, "fields": {"asistencia": 265, "tipo": "SALIDA", "fecha": "2026-03-19", "hora": "21:56:45.694", "creado": "2026-03-20T22:08:04.088Z"}}, {"model": "asistencia.movimiento", "pk": 58, "fields": {"asistencia": 266, "tipo": "SALIDA", "fecha": "2026-03-19", "hora": "21:56:51.246", "creado": "2026-03-20T22:08:04.088Z"}}, {"model": "asistencia.movimiento", "pk": 59, "fields": {"asistencia": 267, "tipo": "SALIDA", "fecha": "2026-03-19", "hora": "21:57:40.733", "creado": "2026-03-20T22:08:04.088Z"}}, {"model": "asistencia.movimiento", "pk": 60, "fields": {"asistencia": 268, "tipo": "SALIDA", "fecha": "2026-03-19", "hora": "21:57:45.230", "creado": "2026-03-20T22:08:04.088Z"}}, {"model": "asistencia.movimiento", "pk": 61, "fields": {"asistencia": 269, "tipo": "SALIDA", "fecha": "2026-03-19", "hora": "21:57:49.837", "creado": "2026-03-20T22:08:04.088Z"}}, {"model": "asistencia.movimiento", "pk": 62, "fields": {"asistencia": 270, "tipo": "SALIDA", "fecha": "2026-03-19", "hora": "21:57:59.613", "creado": "2026-03-20T22:08:04.088Z"}}, {"model": "asistencia.movimiento", "pk": 63, "fields": {"asistencia": 278, "tipo": "SALIDA", "fecha": "2026-03-19", "hora": "21:58:08.790", "creado": "2026-03-20T22:08:04.088Z"}}, {"model": "asistencia.movimiento", "pk": 64, "fields": {"asistencia": 272, "tipo": "SALIDA", "fecha": "2026-03-19", "hora": "21:58:15.470", "creado": "2026-03-20T22:08:04.088Z"}}, {"model": "asistencia.movimiento", "pk": 65, "fields": {"asistencia": 273, "tipo": "SALIDA", "fecha": "2026-03-19", "hora": "21:58:20.542", "creado": "2026-03-20T22:08:04.088Z"}}, {"model": "asistencia.movimiento", "pk": 66, "fields": {"asistencia": 274, "tipo": "SALIDA", "fecha": "2026-03-19", "hora": "21:58:25.534", "creado": "2026-03-20T22:08:04.088Z"}}, {"model": "asistencia.movimiento", "pk": 67, "fields": {"asistencia": 275, "tipo": "SALIDA", "fecha": "2026-03-19", "hora": "21:58:30.510", "creado": "2026-03-20T22:08:04.088Z"}}, {"model": "asistencia.movimiento", "pk": 68, "fields": {"asistencia": 280, "tipo": "SALIDA", "fecha": "2026-03-20", "hora": "11:24:25.644", "creado": "2026-03-20T22:08:04.088Z"}}, {"model": "asistencia.movimiento", "pk": 69, "fields": {"asistencia": 281, "tipo": "SALIDA_PERMISO", "fecha": "2026-03-20", "hora": "14:45:11.486", "creado": "2026-03-20T22:08:04.088Z"}}, {"model": "asistencia.movimiento", "pk": 70, "fields": {"asistencia": 281, "tipo": "REGRESO", "fecha": "2026-03-20", "hora": "15:00:51.993", "creado": "2026-03-20T22:08:04.088Z"}}, {"model": "asistencia.movimiento", "pk": 71, "fields": {"asistencia": 281, "tipo": "REGRESO", "fecha": "2026-03-20", "hora": "15:01:17.115", "creado": "2026-03-20T22:08:04.088Z"}}, {"model": "asistencia.movimiento", "pk": 72, "fields": {"asistencia": 281, "tipo": "SALIDA", "fecha": "2026-03-20", "hora": "16:08:54.040", "creado": "2026-03-20T22:08:54.255Z"}}, {"model": "asistencia.movimiento", "pk": 73, "fields": {"asistencia": 282, "tipo": "ENTRADA", "fecha": "2026-03-21", "hora": "20:17:18.960", "creado": "2026-03-22T02:17:20.068Z"}}, {"model": "asistencia.movimiento", "pk": 74, "fields": {"asistencia": 282, "tipo": "SALIDA", "fecha": "2026-03-21", "hora": "20:24:36.619", "creado": "2026-03-22T02:24:36.910Z"}}, {"model": "asistencia.movimiento", "pk": 75, "fields": {"asistencia": 283, "tipo": "ENTRADA", "fecha": "2026-03-21", "hora": "20:27:36.424", "creado": "2026-03-22T02:27:36.816Z"}}, {"model": "asistencia.movimiento", "pk": 76, "fields": {"asistencia": 283, "tipo": "SALIDA", "fecha": "2026-03-21", "hora": "20:27:53.971", "creado": "2026-03-22T02:27:54.177Z"}}, {"model": "asistencia.movimiento", "pk": 77, "fields": {"asistencia": 284, "tipo": "ENTRADA", "fecha": "2026-03-21", "hora": "20:39:57.048", "creado": "2026-03-22T02:39:57.842Z"}}, {"model": "asistencia.movimiento", "pk": 78, "fields": {"asistencia": 285, "tipo": "ENTRADA", "fecha": "2026-03-21", "hora": "20:55:19.493", "creado": "2026-03-22T02:55:19.935Z"}}, {"model": "asistencia.movimiento", "pk": 79, "fields": {"asistencia": 285, "tipo": "SALIDA", "fecha": "2026-03-21", "hora": "20:55:50.411", "creado": "2026-03-22T02:55:50.636Z"}}, {"model": "asistencia.movimiento", "pk": 80, "fields": {"asistencia": 286, "tipo": "ENTRADA", "fecha": "2026-03-21", "hora": "21:08:58.769", "creado": "2026-03-22T03:08:59.108Z"}}, {"model": "asistencia.movimiento", "pk": 81, "fields": {"asistencia": 286, "tipo": "SALIDA", "fecha": "2026-03-21", "hora": "21:14:35.923", "creado": "2026-03-22T03:14:36.159Z"}}, {"model": "asistencia.movimiento", "pk": 83, "fields": {"asistencia": 288, "tipo": "ENTRADA", "fecha": "2026-03-21", "hora": "22:41:39.148", "creado": "2026-03-22T04:41:39.586Z"}}, {"model": "asistencia.movimiento", "pk": 84, "fields": {"asistencia": 289, "tipo": "ENTRADA", "fecha": "2026-03-22", "hora": "10:02:38.402", "creado": "2026-03-22T16:02:38.822Z"}}, {"model": "asistencia.movimiento", "pk": 85, "fields": {"asistencia": 289, "tipo": "SALIDA_PERMISO", "fecha": "2026-03-22", "hora": "10:05:40.023", "creado": "2026-03-22T16:05:40.023Z"}}, {"model": "asistencia.movimiento", "pk": 86, "fields": {"asistencia": 289, "tipo": "REGRESO", "fecha": "2026-03-22", "hora": "10:08:12.381", "creado": "2026-03-22T16:08:12.382Z"}}, {"model": "asistencia.movimiento", "pk": 87, "fields": {"asistencia": 290, "tipo": "ENTRADA", "fecha": "2026-03-22", "hora": "10:25:20.917", "creado": "2026-03-22T16:25:21.363Z"}}, {"model": "asistencia.movimiento", "pk": 88, "fields": {"asistencia": 290, "tipo": "SALIDA_PERMISO", "fecha": "2026-03-22", "hora": "10:41:22.287", "creado": "2026-03-22T16:41:22.287Z"}}, {"model": "asistencia.movimiento", "pk": 89, "fields": {"asistencia": 289, "tipo": "SALIDA_PERMISO", "fecha": "2026-03-22", "hora": "12:25:49.100", "creado": "2026-03-22T18:25:49.137Z"}}, {"model": "asistencia.movimiento", "pk": 90, "fields": {"asistencia": 289, "tipo": "SALIDA_PERMISO", "fecha": "2026-03-22", "hora": "12:37:51.705", "creado": "2026-03-22T18:37:51.706Z"}}, {"model": "asistencia.movimiento", "pk": 91, "fields": {"asistencia": 289, "tipo": "SALIDA_PERMISO", "fecha": "2026-03-22", "hora": "12:52:45.501", "creado": "2026-03-22T18:52:45.503Z"}}, {"model": "asistencia.movimiento", "pk": 92, "fields": {"asistencia": 289, "tipo": "SALIDA_PERMISO", "fecha": "2026-03-22", "hora": "12:56:56.048", "creado": "2026-03-22T18:56:56.053Z"}}, {"model": "asistencia.movimiento", "pk": 93, "fields": {"asistencia": 289, "tipo": "SALIDA_PERMISO", "fecha": "2026-03-22", "hora": "13:07:19.842", "creado": "2026-03-22T19:07:19.845Z"}}, {"model": "asistencia.movimiento", "pk": 94, "fields": {"asistencia": 289, "tipo": "SALIDA", "fecha": "2026-03-22", "hora": "14:15:24.910", "creado": "2026-03-22T20:15:25.271Z"}}, {"model": "asistencia.movimiento", "pk": 95, "fields": {"asistencia": 290, "tipo": "REGRESO", "fecha": "2026-03-22", "hora": "14:16:39.423", "creado": "2026-03-22T20:16:39.437Z"}}, {"model": "asistencia.movimiento", "pk": 96, "fields": {"asistencia": 291, "tipo": "ENTRADA", "fecha": "2026-03-24", "hora": "14:54:30.937", "creado": "2026-03-24T20:54:31.339Z"}}, {"model": "asistencia.movimiento", "pk": 97, "fields": {"asistencia": 292, "tipo": "ENTRADA", "fecha": "2026-03-24", "hora": "14:54:37.131", "creado": "2026-03-24T20:54:37.551Z"}}, {"model": "asistencia.movimiento", "pk": 98, "fields": {"asistencia": 293, "tipo": "ENTRADA", "fecha": "2026-03-24", "hora": "14:54:41.692", "creado": "2026-03-24T20:54:42.128Z"}}, {"model": "asistencia.movimiento", "pk": 99, "fields": {"asistencia": 294, "tipo": "ENTRADA", "fecha": "2026-03-24", "hora": "14:54:46.269", "creado": "2026-03-24T20:54:46.605Z"}}, {"model": "asistencia.movimiento", "pk": 100, "fields": {"asistencia": 295, "tipo": "ENTRADA", "fecha": "2026-03-24", "hora": "14:54:50.827", "creado": "2026-03-24T20:54:51.178Z"}}, {"model": "asistencia.movimiento", "pk": 102, "fields": {"asistencia": 297, "tipo": "ENTRADA", "fecha": "2026-03-24", "hora": "14:55:04.347", "creado": "2026-03-24T20:55:04.759Z"}}, {"model": "asistencia.movimiento", "pk": 103, "fields": {"asistencia": 298, "tipo": "ENTRADA", "fecha": "2026-03-24", "hora": "14:55:09.547", "creado": "2026-03-24T20:55:09.878Z"}}, {"model": "asistencia.movimiento", "pk": 104, "fields": {"asistencia": 299, "tipo": "ENTRADA", "fecha": "2026-03-24", "hora": "14:55:13.708", "creado": "2026-03-24T20:55:14.097Z"}}, {"model": "asistencia.movimiento", "pk": 105, "fields": {"asistencia": 300, "tipo": "ENTRADA", "fecha": "2026-03-24", "hora": "14:55:22.896", "creado": "2026-03-24T20:55:23.290Z"}}, {"model": "asistencia.movimiento", "pk": 106, "fields": {"asistencia": 301, "tipo": "ENTRADA", "fecha": "2026-03-24", "hora": "14:55:27.808", "creado": "2026-03-24T20:55:28.089Z"}}, {"model": "asistencia.movimiento", "pk": 107, "fields": {"asistencia": 291, "tipo": "SALIDA", "fecha": "2026-03-24", "hora": "14:55:36.885", "creado": "2026-03-24T20:55:37.132Z"}}, {"model": "asistencia.movimiento", "pk": 108, "fields": {"asistencia": 292, "tipo": "SALIDA", "fecha": "2026-03-24", "hora": "14:55:41.387", "creado": "2026-03-24T20:55:41.563Z"}}, {"model": "asistencia.movimiento", "pk": 109, "fields": {"asistencia": 293, "tipo": "SALIDA", "fecha": "2026-03-24", "hora": "14:55:45.520", "creado": "2026-03-24T20:55:45.728Z"}}, {"model": "asistencia.movimiento", "pk": 110, "fields": {"asistencia": 294, "tipo": "SALIDA", "fecha": "2026-03-24", "hora": "14:55:49.594", "creado": "2026-03-24T20:55:49.728Z"}}, {"model": "asistencia.movimiento", "pk": 111, "fields": {"asistencia": 295, "tipo": "SALIDA", "fecha": "2026-03-24", "hora": "14:55:53.596", "creado": "2026-03-24T20:55:53.828Z"}}, {"model": "asistencia.movimiento", "pk": 113, "fields": {"asistencia": 297, "tipo": "SALIDA", "fecha": "2026-03-24", "hora": "14:56:05.939", "creado": "2026-03-24T20:56:06.210Z"}}, {"model": "asistencia.movimiento", "pk": 114, "fields": {"asistencia": 298, "tipo": "SALIDA", "fecha": "2026-03-24", "hora": "14:56:10.231", "creado": "2026-03-24T20:56:10.502Z"}}, {"model": "asistencia.movimiento", "pk": 115, "fields": {"asistencia": 299, "tipo": "SALIDA", "fecha": "2026-03-24", "hora": "14:56:14.229", "creado": "2026-03-24T20:56:14.436Z"}}, {"model": "asistencia.movimiento", "pk": 116, "fields": {"asistencia": 300, "tipo": "SALIDA", "fecha": "2026-03-24", "hora": "14:56:18.602", "creado": "2026-03-24T20:56:18.727Z"}}, {"model": "asistencia.movimiento", "pk": 117, "fields": {"asistencia": 301, "tipo": "SALIDA", "fecha": "2026-03-24", "hora": "14:56:23.198", "creado": "2026-03-24T20:56:23.445Z"}}, {"model": "asistencia.movimiento", "pk": 118, "fields": {"asistencia": 302, "tipo": "ENTRADA", "fecha": "2026-03-24", "hora": "14:59:42.526", "creado": "2026-03-24T20:59:42.870Z"}}, {"model": "asistencia.movimiento", "pk": 119, "fields": {"asistencia": 303, "tipo": "ENTRADA", "fecha": "2026-03-24", "hora": "14:59:47.167", "creado": "2026-03-24T20:59:47.526Z"}}, {"model": "asistencia.movimiento", "pk": 120, "fields": {"asistencia": 304, "tipo": "ENTRADA", "fecha": "2026-03-24", "hora": "14:59:51.255", "creado": "2026-03-24T20:59:51.559Z"}}, {"model": "asistencia.movimiento", "pk": 121, "fields": {"asistencia": 305, "tipo": "ENTRADA", "fecha": "2026-03-24", "hora": "14:59:55.195", "creado": "2026-03-24T20:59:55.566Z"}}, {"model": "asistencia.movimiento", "pk": 122, "fields": {"asistencia": 306, "tipo": "ENTRADA", "fecha": "2026-03-24", "hora": "14:59:59.449", "creado": "2026-03-24T20:59:59.892Z"}}, {"model": "asistencia.movimiento", "pk": 123, "fields": {"asistencia": 307, "tipo": "ENTRADA", "fecha": "2026-03-24", "hora": "15:00:03.262", "creado": "2026-03-24T21:00:03.642Z"}}, {"model": "asistencia.movimiento", "pk": 124, "fields": {"asistencia": 308, "tipo": "ENTRADA", "fecha": "2026-03-24", "hora": "15:00:07.434", "creado": "2026-03-24T21:00:07.776Z"}}, {"model": "asistencia.movimiento", "pk": 125, "fields": {"asistencia": 309, "tipo": "ENTRADA", "fecha": "2026-03-28", "hora": "11:26:43.231", "creado": "2026-03-28T17:26:43.611Z"}}, {"model": "asistencia.movimiento", "pk": 126, "fields": {"asistencia": 310, "tipo": "ENTRADA", "fecha": "2026-03-28", "hora": "11:26:51.473", "creado": "2026-03-28T17:26:51.903Z"}}, {"model": "asistencia.movimiento", "pk": 127, "fields": {"asistencia": 311, "tipo": "ENTRADA", "fecha": "2026-03-28", "hora": "11:26:58.418", "creado": "2026-03-28T17:26:58.862Z"}}, {"model": "asistencia.movimiento", "pk": 128, "fields": {"asistencia": 312, "tipo": "ENTRADA", "fecha": "2026-03-28", "hora": "11:27:04.520", "creado": "2026-03-28T17:27:04.905Z"}}, {"model": "asistencia.movimiento", "pk": 129, "fields": {"asistencia": 313, "tipo": "ENTRADA", "fecha": "2026-03-28", "hora": "11:27:10.802", "creado": "2026-03-28T17:27:11.138Z"}}, {"model": "asistencia.movimiento", "pk": 130, "fields": {"asistencia": 314, "tipo": "ENTRADA", "fecha": "2026-03-28", "hora": "13:32:06.489", "creado": "2026-03-28T19:32:07.010Z"}}, {"model": "asistencia.movimiento", "pk": 131, "fields": {"asistencia": 315, "tipo": "ENTRADA", "fecha": "2026-03-28", "hora": "13:32:13.328", "creado": "2026-03-28T19:32:13.750Z"}}, {"model": "asistencia.movimiento", "pk": 132, "fields": {"asistencia": 316, "tipo": "ENTRADA", "fecha": "2026-03-28", "hora": "13:32:21.905", "creado": "2026-03-28T19:32:22.247Z"}}, {"model": "asistencia.movimiento", "pk": 133, "fields": {"asistencia": 317, "tipo": "ENTRADA", "fecha": "2026-03-28", "hora": "13:32:31.568", "creado": "2026-03-28T19:32:31.917Z"}}, {"model": "asistencia.movimiento", "pk": 134, "fields": {"asistencia": 318, "tipo": "ENTRADA", "fecha": "2026-03-28", "hora": "13:32:36.308", "creado": "2026-03-28T19:32:36.739Z"}}, {"model": "asistencia.movimiento", "pk": 136, "fields": {"asistencia": 320, "tipo": "ENTRADA", "fecha": "2026-03-28", "hora": "13:32:54.207", "creado": "2026-03-28T19:32:54.695Z"}}, {"model": "asistencia.movimiento", "pk": 137, "fields": {"asistencia": 321, "tipo": "ENTRADA", "fecha": "2026-03-28", "hora": "13:33:12.661", "creado": "2026-03-28T19:33:13.022Z"}}, {"model": "asistencia.movimiento", "pk": 138, "fields": {"asistencia": 322, "tipo": "ENTRADA", "fecha": "2026-03-28", "hora": "13:33:22.099", "creado": "2026-03-28T19:33:22.489Z"}}, {"model": "asistencia.movimiento", "pk": 139, "fields": {"asistencia": 323, "tipo": "ENTRADA", "fecha": "2026-03-28", "hora": "13:33:26.520", "creado": "2026-03-28T19:33:26.842Z"}}, {"model": "asistencia.movimiento", "pk": 140, "fields": {"asistencia": 324, "tipo": "ENTRADA", "fecha": "2026-03-28", "hora": "13:33:30.711", "creado": "2026-03-28T19:33:31.077Z"}}, {"model": "asistencia.movimiento", "pk": 141, "fields": {"asistencia": 325, "tipo": "ENTRADA", "fecha": "2026-03-28", "hora": "13:33:34.614", "creado": "2026-03-28T19:33:35.034Z"}}, {"model": "asistencia.movimiento", "pk": 142, "fields": {"asistencia": 326, "tipo": "ENTRADA", "fecha": "2026-03-28", "hora": "13:33:39.395", "creado": "2026-03-28T19:33:39.694Z"}}, {"model": "asistencia.movimiento", "pk": 143, "fields": {"asistencia": 327, "tipo": "ENTRADA", "fecha": "2026-03-28", "hora": "13:33:43.221", "creado": "2026-03-28T19:33:43.626Z"}}, {"model": "asistencia.movimiento", "pk": 144, "fields": {"asistencia": 328, "tipo": "ENTRADA", "fecha": "2026-03-28", "hora": "13:33:48.598", "creado": "2026-03-28T19:33:49.009Z"}}, {"model": "asistencia.movimiento", "pk": 145, "fields": {"asistencia": 329, "tipo": "ENTRADA", "fecha": "2026-03-28", "hora": "13:33:53.587", "creado": "2026-03-28T19:33:53.925Z"}}, {"model": "asistencia.movimiento", "pk": 146, "fields": {"asistencia": 330, "tipo": "ENTRADA", "fecha": "2026-03-28", "hora": "13:33:59.005", "creado": "2026-03-28T19:33:59.401Z"}}, {"model": "asistencia.movimiento", "pk": 147, "fields": {"asistencia": 331, "tipo": "ENTRADA", "fecha": "2026-03-28", "hora": "13:34:03.316", "creado": "2026-03-28T19:34:03.671Z"}}, {"model": "asistencia.movimiento", "pk": 148, "fields": {"asistencia": 332, "tipo": "ENTRADA", "fecha": "2026-03-28", "hora": "13:34:09.141", "creado": "2026-03-28T19:34:09.525Z"}}, {"model": "asistencia.movimiento", "pk": 149, "fields": {"asistencia": 333, "tipo": "ENTRADA", "fecha": "2026-03-28", "hora": "13:34:13.637", "creado": "2026-03-28T19:34:14.086Z"}}, {"model": "asistencia.movimiento", "pk": 150, "fields": {"asistencia": 334, "tipo": "ENTRADA", "fecha": "2026-03-28", "hora": "13:35:13.987", "creado": "2026-03-28T19:35:14.354Z"}}, {"model": "asistencia.movimiento", "pk": 151, "fields": {"asistencia": 335, "tipo": "ENTRADA", "fecha": "2026-03-28", "hora": "13:35:24.309", "creado": "2026-03-28T19:35:24.674Z"}}, {"model": "asistencia.movimiento", "pk": 152, "fields": {"asistencia": 336, "tipo": "ENTRADA", "fecha": "2026-03-28", "hora": "13:35:29.371", "creado": "2026-03-28T19:35:29.737Z"}}, {"model": "asistencia.movimiento", "pk": 153, "fields": {"asistencia": 337, "tipo": "ENTRADA", "fecha": "2026-03-28", "hora": "13:35:59.488", "creado": "2026-03-28T19:35:59.930Z"}}, {"model": "asistencia.movimiento", "pk": 154, "fields": {"asistencia": 338, "tipo": "ENTRADA", "fecha": "2026-03-28", "hora": "13:36:05.111", "creado": "2026-03-28T19:36:05.593Z"}}, {"model": "asistencia.movimiento", "pk": 155, "fields": {"asistencia": 339, "tipo": "ENTRADA", "fecha": "2026-03-28", "hora": "13:38:47.646", "creado": "2026-03-28T19:38:48.064Z"}}, {"model": "asistencia.movimiento", "pk": 156, "fields": {"asistencia": 340, "tipo": "ENTRADA", "fecha": "2026-03-28", "hora": "13:38:53.396", "creado": "2026-03-28T19:38:53.788Z"}}, {"model": "asistencia.movimiento", "pk": 157, "fields": {"asistencia": 341, "tipo": "ENTRADA", "fecha": "2026-03-28", "hora": "13:38:58.098", "creado": "2026-03-28T19:38:58.532Z"}}, {"model": "asistencia.movimiento", "pk": 158, "fields": {"asistencia": 328, "tipo": "SALIDA_PERMISO", "fecha": "2026-03-28", "hora": "13:39:37.094", "creado": "2026-03-28T19:39:37.097Z"}}, {"model": "asistencia.movimiento", "pk": 159, "fields": {"asistencia": 329, "tipo": "SALIDA_PERMISO", "fecha": "2026-03-28", "hora": "13:39:47.014", "creado": "2026-03-28T19:39:47.016Z"}}, {"model": "asistencia.movimiento", "pk": 160, "fields": {"asistencia": 328, "tipo": "REGRESO", "fecha": "2026-03-28", "hora": "14:31:29.551", "creado": "2026-03-28T20:31:29.553Z"}}, {"model": "asistencia.movimiento", "pk": 161, "fields": {"asistencia": 328, "tipo": "REGRESO", "fecha": "2026-03-28", "hora": "15:09:54.655", "creado": "2026-03-28T21:09:54.658Z"}}, {"model": "asistencia.movimiento", "pk": 162, "fields": {"asistencia": 329, "tipo": "REGRESO", "fecha": "2026-03-28", "hora": "15:10:53.045", "creado": "2026-03-28T21:10:53.048Z"}}, {"model": "asistencia.movimiento", "pk": 163, "fields": {"asistencia": 342, "tipo": "ENTRADA", "fecha": "2026-04-03", "hora": "09:12:34.924", "creado": "2026-04-03T15:12:35.631Z"}}, {"model": "asistencia.movimiento", "pk": 164, "fields": {"asistencia": 343, "tipo": "ENTRADA", "fecha": "2026-04-03", "hora": "09:12:42.263", "creado": "2026-04-03T15:12:42.630Z"}}, {"model": "asistencia.movimiento", "pk": 165, "fields": {"asistencia": 344, "tipo": "ENTRADA", "fecha": "2026-04-03", "hora": "09:12:47.327", "creado": "2026-04-03T15:12:47.692Z"}}, {"model": "asistencia.movimiento", "pk": 166, "fields": {"asistencia": 345, "tipo": "ENTRADA", "fecha": "2026-04-03", "hora": "09:12:52.011", "creado": "2026-04-03T15:12:52.413Z"}}, {"model": "asistencia.movimiento", "pk": 167, "fields": {"asistencia": 346, "tipo": "ENTRADA", "fecha": "2026-04-03", "hora": "09:12:56.735", "creado": "2026-04-03T15:12:57.098Z"}}, {"model": "asistencia.movimiento", "pk": 168, "fields": {"asistencia": 347, "tipo": "ENTRADA", "fecha": "2026-04-10", "hora": "22:20:32.587", "creado": "2026-04-11T04:20:33.152Z"}}, {"model": "asistencia.movimiento", "pk": 169, "fields": {"asistencia": 348, "tipo": "ENTRADA", "fecha": "2026-04-11", "hora": "00:05:09.034", "creado": "2026-04-11T06:05:09.437Z"}}, {"model": "asistencia.movimiento", "pk": 170, "fields": {"asistencia": 348, "tipo": "SALIDA", "fecha": "2026-04-11", "hora": "00:19:33.836", "creado": "2026-04-11T06:19:34.043Z"}}, {"model": "asistencia.movimiento", "pk": 171, "fields": {"asistencia": 349, "tipo": "ENTRADA", "fecha": "2026-04-11", "hora": "00:21:45.993", "creado": "2026-04-11T06:21:46.363Z"}}, {"model": "asistencia.movimiento", "pk": 172, "fields": {"asistencia": 349, "tipo": "INICIO_TIEMPO_EXTRA", "fecha": "2026-04-11", "hora": "00:22:04.820", "creado": "2026-04-11T06:22:04.820Z"}}, {"model": "asistencia.movimiento", "pk": 173, "fields": {"asistencia": 349, "tipo": "FIN_TIEMPO_EXTRA", "fecha": "2026-04-11", "hora": "00:25:39.012", "creado": "2026-04-11T06:25:39.012Z"}}, {"model": "asistencia.movimiento", "pk": 174, "fields": {"asistencia": 350, "tipo": "ENTRADA", "fecha": "2026-04-11", "hora": "08:55:01.171", "creado": "2026-04-11T14:55:01.612Z"}}, {"model": "asistencia.movimiento", "pk": 175, "fields": {"asistencia": 351, "tipo": "ENTRADA", "fecha": "2026-04-11", "hora": "08:55:08.722", "creado": "2026-04-11T14:55:09.050Z"}}, {"model": "asistencia.movimiento", "pk": 176, "fields": {"asistencia": 352, "tipo": "ENTRADA", "fecha": "2026-04-11", "hora": "08:55:19.335", "creado": "2026-04-11T14:55:19.684Z"}}, {"model": "asistencia.movimiento", "pk": 177, "fields": {"asistencia": 353, "tipo": "ENTRADA", "fecha": "2026-04-11", "hora": "08:55:24.825", "creado": "2026-04-11T14:55:25.362Z"}}, {"model": "asistencia.movimiento", "pk": 178, "fields": {"asistencia": 349, "tipo": "SALIDA", "fecha": "2026-04-11", "hora": "08:56:35.266", "creado": "2026-04-11T14:56:35.525Z"}}, {"model": "asistencia.movimiento", "pk": 179, "fields": {"asistencia": 352, "tipo": "INICIO_TIEMPO_EXTRA", "fecha": "2026-04-11", "hora": "08:57:26.816", "creado": "2026-04-11T14:57:26.816Z"}}, {"model": "asistencia.movimiento", "pk": 180, "fields": {"asistencia": 353, "tipo": "INICIO_TIEMPO_EXTRA", "fecha": "2026-04-11", "hora": "08:57:33.226", "creado": "2026-04-11T14:57:33.226Z"}}, {"model": "asistencia.movimiento", "pk": 181, "fields": {"asistencia": 352, "tipo": "FIN_TIEMPO_EXTRA", "fecha": "2026-04-11", "hora": "13:11:52.771", "creado": "2026-04-11T19:11:52.771Z"}}, {"model": "asistencia.movimiento", "pk": 182, "fields": {"asistencia": 353, "tipo": "FIN_TIEMPO_EXTRA", "fecha": "2026-04-11", "hora": "13:11:59.679", "creado": "2026-04-11T19:11:59.680Z"}}, {"model": "asistencia.movimiento", "pk": 183, "fields": {"asistencia": 354, "tipo": "ENTRADA", "fecha": "2026-04-11", "hora": "13:23:30.301", "creado": "2026-04-11T19:23:30.731Z"}}, {"model": "asistencia.movimiento", "pk": 184, "fields": {"asistencia": 354, "tipo": "SALIDA", "fecha": "2026-04-11", "hora": "13:28:23.502", "creado": "2026-04-11T19:28:23.692Z"}}, {"model": "asistencia.movimiento", "pk": 185, "fields": {"asistencia": 352, "tipo": "SALIDA", "fecha": "2026-04-11", "hora": "13:28:30.198", "creado": "2026-04-11T19:28:30.447Z"}}, {"model": "asistencia.movimiento", "pk": 186, "fields": {"asistencia": 350, "tipo": "SALIDA", "fecha": "2026-04-11", "hora": "13:28:35.960", "creado": "2026-04-11T19:28:36.224Z"}}, {"model": "asistencia.movimiento", "pk": 187, "fields": {"asistencia": 351, "tipo": "SALIDA", "fecha": "2026-04-11", "hora": "13:28:41.688", "creado": "2026-04-11T19:28:41.949Z"}}, {"model": "asistencia.movimiento", "pk": 188, "fields": {"asistencia": 353, "tipo": "SALIDA", "fecha": "2026-04-11", "hora": "13:28:46.733", "creado": "2026-04-11T19:28:46.961Z"}}]
